aggressive,cvar,rachev,omega,buy_&_hold
1.0,1.0,1.0,1.0,1.0
0.99993134,0.9999982,0.9999954,0.99996656,1.0
0.9997146,1.0000024,1.0000057,1.000037,1.0
0.9995995,1.0000035,1.0000079,1.0000597,1.0
0.9989926,1.0000095,1.0000238,1.0002062,1.0
0.99909765,1.0000085,1.0000211,1.0001811,1.0003526210784912
0.9992096,1.0000074,1.0000182,1.0001559,1.0003526210784912
0.9994365,1.0000052,1.0000129,1.0001055,1.0009406805038452
0.9998915,1.000001,1.0000032,1.0000045,1.0012938976287842
0.9994358,1.0000052,1.0000128,1.0001049,1.0011762380599976
0.9993218,1.0000063,1.0000142,1.0001293,1.0016474723815918
0.99943453,1.0000052,1.0000107,1.0001042,1.00082266330719
0.9996601,1.0000031,1.0000039,1.0000553,1.00046968460083
0.99988616,1.0000008,0.99999666,1.0000063,0.9998818635940552
0.9997729,1.0000019,1.0000002,1.0000305,0.999294638633728
0.9999984,0.9999998,0.99999285,0.9999816,0.9985909461975098
1.0004483,0.99999565,0.99997795,0.99988496,0.9978880882263184
1.0001107,0.99999875,0.99998915,0.99995565,0.9978880882263184
1.0001103,0.99999875,0.9999891,0.9999553,0.9978880882263184
1.000557,0.9999947,0.9999736,0.99986196,0.9981220960617065
1.0002213,0.9999977,0.9999848,0.9999304,0.9980051517486572
1.0008839,0.99999166,0.9999603,0.99979174,0.9984734058380127
1.0006628,0.99999344,0.99996877,0.9998336,1.0003494024276733
1.0010891,0.9999898,0.9999514,0.9997487,0.9992917776107788
1.0012962,0.9999881,0.9999429,0.99970835,0.9987053871154785
1.0010849,0.99998975,0.99995124,0.99974793,0.9976511597633362
1.0009841,0.9999906,0.9999553,0.9997664,0.998119056224823
1.000984,0.9999906,0.9999552,0.99976623,0.997533917427063
1.0009815,0.9999905,0.999955,0.999766,0.9977678060531616
1.0009812,0.9999905,0.9999548,0.99976575,0.9977678060531616
0.99883187,1.0000091,1.0000472,1.0001938,0.9964818954467773
0.9993497,1.000004,1.0000302,1.0000907,0.9961320161819458
0.99945086,1.000003,1.0000265,1.0000699,0.9950831532478333
0.999447,1.000003,1.0000262,1.0000693,0.9940366744995117
0.99944615,1.0000029,1.0000257,1.000069,0.9945011734962463
0.99843687,1.0000126,1.0000595,1.0002626,0.9948498606681824
0.9984357,1.0000125,1.0000589,1.0002618,0.9953151345252991
0.997201,1.0000241,1.0000981,1.0004915,0.9949659705162048
0.9969878,1.0000261,1.0001035,1.0005311,0.9946171045303345
0.99741435,1.000022,1.0000923,1.0004503,0.9946171045303345
0.9971994,1.0000241,1.0000973,1.0004901,0.9951984286308289
0.99773055,1.0000191,1.0000829,1.0003902,0.994500458240509
0.99751705,1.0000211,1.000088,1.0004283,0.9935712814331055
0.996674,1.0000291,1.0001109,1.0005807,0.9939192533493042
0.99783826,1.000018,1.0000823,1.0003703,0.9948483109474182
0.9975224,1.000021,1.0000905,1.0004225,0.996361255645752
0.99825186,1.000014,1.0000715,1.0002999,0.9972948431968689
0.99835527,1.0000129,1.0000685,1.0002828,0.9972948431968689
0.9984583,1.0000118,1.0000659,1.0002673,0.9982302188873291
0.9982499,1.0000138,1.0000701,1.0002959,0.9983472228050232
0.99887156,1.0000079,1.0000567,1.0002096,0.9981130361557007
0.99866384,1.0000099,1.0000604,1.000237,0.997878909111023
0.9984552,1.0000119,1.000064,1.0002646,0.9976450204849243
0.99866116,1.0000099,1.0000597,1.0002367,0.9972942471504211
0.99896926,1.0000068,1.0000539,1.0001951,0.9975279569625854
0.9992757,1.0000037,1.000048,1.0001541,0.9982298016548157
0.9992748,1.0000037,1.0000479,1.0001541,0.999284029006958
0.99927324,1.0000037,1.0000479,1.0001531,0.9990494251251221
0.9987708,1.0000087,1.0000572,1.0002164,0.9989321231842041
0.99897057,1.0000067,1.0000533,1.0001907,0.9985805153846741
0.99926734,1.0000036,1.0000473,1.0001518,0.9991664290428162
0.99877447,1.0000086,1.0000573,1.0002146,0.9984628558158875
0.99867475,1.0000095,1.000059,1.000227,0.9985799789428711
0.9983834,1.0000125,1.0000654,1.0002642,0.9972919821739197
0.9986669,1.0000095,1.0000585,1.0002264,0.9971750974655151
0.99857044,1.0000105,1.0000607,1.000238,0.9965911507606506
0.9993994,1.0000017,1.0000398,1.0001312,0.9961245656013489
0.99858975,1.0000104,1.000062,1.0002296,0.9970576763153076
0.9988562,1.0000074,1.0000551,1.0001967,0.9969409108161926
0.99973506,0.99999785,1.0000311,1.000091,0.9956571459770203
0.9999895,0.999995,1.000023,1.0000604,0.9950749278068542
1.0000725,0.99999404,1.0000203,1.0000504,0.9961225986480713
0.99948543,1.0000006,1.0000366,1.0001192,0.9950737357139587
0.9997383,0.99999774,1.00003,1.0000894,0.9951900839805603
0.99999595,0.999995,1.0000232,1.0000601,0.9953064918518066
1.0002518,0.99999225,1.0000163,1.0000309,0.995073676109314
1.0002493,0.99999225,1.0000162,1.0000308,0.9951900243759155
1.0002463,0.99999225,1.0000161,1.0000304,0.9950736165046692
1.0001593,0.9999932,1.0000178,1.0000393,0.9953063726425171
1.0004666,0.9999895,1.000008,1.0000029,0.9956556558609009
1.0000894,0.99999404,1.0000199,1.0000463,0.9957720637321472
0.9999391,0.99999595,1.0000243,1.0000634,0.9960050582885742
1.0001348,0.99999315,1.0000169,1.000037,0.9953059554100037
1.0001911,0.9999922,1.0000143,1.0000284,0.9955387711524963
0.9998886,0.99999696,1.000024,1.0000688,0.9958881735801697
0.9999915,0.99999505,1.0000197,1.000052,0.994607150554657
0.9999883,0.99999505,1.0000196,1.0000519,0.9947234392166138
0.99974173,0.9999998,1.0000285,1.0000914,0.9947234392166138
0.9996398,1.0000017,1.0000315,1.0001073,0.9950723052024841
0.9999334,0.999995,1.0000175,1.0000514,0.9950723052024841
0.99953717,1.0000042,1.0000389,1.0001273,0.9950723052024841
0.99954396,0.99999714,1.000022,1.0000734,0.995305061340332
0.99961615,1.0000011,1.0000323,1.0001023,0.9958871603012085
0.99975044,1.000004,1.0000399,1.0001231,0.9953047037124634
0.99959195,1.0000011,1.0000317,1.0001023,0.995188295841217
0.9992313,0.9999941,1.0000138,1.0000554,0.9949555397033691
0.9989947,0.9999901,1.0000025,1.000028,0.9946066737174988
0.99886435,0.9999881,0.99999654,1.0000135,0.9946066737174988
0.9990595,0.9999912,1.0000055,1.0000354,0.9942581057548523
0.9991823,0.9999932,1.000011,1.0000502,0.9939096570014954
0.9992467,0.9999943,1.0000138,1.0000576,0.9940257668495178
0.9992456,0.9999943,1.0000137,1.0000575,0.9940257668495178
0.9987556,0.9999871,0.9999904,1.0000044,0.9940257668495178
0.9988957,0.99998915,0.99999696,1.0000182,0.9939095973968506
0.9989661,0.9999902,1.0000001,1.0000246,0.9943740367889404
0.99888575,0.99998915,0.999996,1.0000172,0.9943740367889404
0.99866444,0.99998605,0.999985,0.9999947,0.9943740367889404
0.99866384,0.99998605,0.9999849,0.9999946,0.9946063756942749
0.9985909,0.99998504,0.99998116,0.9999869,0.9944902062416077
0.9983005,0.99998087,0.9999663,0.9999572,0.9942578673362732
0.9984426,0.9999829,0.9999735,0.9999715,0.9936772584915161
0.9987261,0.99998707,0.99998826,1.0000014,0.9941413402557373
0.9987252,0.99998707,0.99998826,1.0000011,0.994373619556427
0.9984366,0.9999829,0.9999734,0.99997157,0.9941412806510925
0.99791056,0.99997556,0.99994606,0.99992055,0.9936769008636475
0.99647176,0.99995846,0.99986887,0.9998214,0.9928651452064514
0.99655384,0.9999594,0.99987316,0.99982476,0.9930968880653381
0.996645,0.99996036,0.99987817,0.99982786,0.9932127594947815
0.9969477,0.9999632,0.99989426,0.9998379,0.9922859072685242
0.9970461,0.99996406,0.9998988,0.99984014,0.9919389486312866
0.9975833,0.99996847,0.9999287,0.9998536,0.9913610219955444
0.9975796,0.9999684,0.9999279,0.99985296,0.9918230772018433
0.9968091,0.99996257,0.9998828,0.99983615,0.9919387102127075
0.99736,0.99996674,0.9999149,0.9998453,0.9926325678825378
0.997029,0.9999642,0.9998955,0.9998398,0.9925167560577393
0.99724793,0.99996585,0.9999079,0.99984276,0.992401123046875
0.99680907,0.99996245,0.99988204,0.9998364,0.9921696782112122
0.99702567,0.9999641,0.9998941,0.9998389,0.9917070865631104
0.9971363,0.99996495,0.9999005,0.99984115,0.9921694397926331
0.99746853,0.99996746,0.99992007,0.99984723,0.9922851324081421
0.9973562,0.99996656,0.99991316,0.99984443,0.9921694397926331
0.99702495,0.99996394,0.999894,0.9998362,0.9919382333755493
0.9972445,0.9999656,0.99990654,0.99984074,0.9917070269584656
0.9974669,0.9999673,0.99991965,0.99984646,0.9918225407600403
0.9972433,0.99996555,0.9999061,0.9998405,0.9915913939476013
0.9971311,0.99996465,0.9998994,0.9998376,0.991129457950592
0.99768096,0.99996895,0.9999311,0.9998509,0.9914757609367371
0.99800897,0.99997157,0.9999497,0.99985856,0.9914757609367371
0.9980085,0.99997157,0.9999496,0.99985844,0.9910138249397278
0.9980081,0.99997157,0.99994946,0.9998583,0.991360068321228
0.9977872,0.9999698,0.9999361,0.9998533,0.990667462348938
0.99591464,0.99995464,0.9998248,0.99980867,0.9908981323242188
0.9962472,0.99995714,0.9998459,0.999812,0.9904366731643677
0.99613565,0.9999563,0.9998387,0.99978024,0.990206241607666
0.99613523,0.9999563,0.9998386,0.9997745,0.9904366731643677
0.9961347,0.9999563,0.99983835,0.99977356,0.9905518889427185
0.9964699,0.9999587,0.9998604,0.99984175,0.9905518889427185
0.9963578,0.99995786,0.99985284,0.99981886,0.9905518889427185
0.99646837,0.9999587,0.99985963,0.99984115,0.9905518889427185
0.99914587,0.99997824,1.0000361,1.000382,0.9929760098457336
0.99829346,0.99997073,0.99998504,1.0002013,0.9923969507217407
0.9979816,0.99996793,0.99996537,1.000139,0.9922811985015869
0.9985029,0.99997246,0.99999875,1.0002414,0.9922811985015869
0.9991248,0.9999778,1.000038,1.0003641,0.9922811985015869
0.9987183,0.999974,1.0000126,1.0002825,0.9934387803077698
0.99881536,0.99997485,1.0000185,1.0003022,0.9934387803077698
0.99860704,0.999973,1.0000049,1.0002624,0.994831383228302
0.9985015,0.9999721,0.9999979,1.0002412,0.9950639605522156
0.9983962,0.9999712,0.99999106,1.0002216,0.9945986866950989
0.99860024,0.999973,1.0000039,1.0002584,0.9948312044143677
0.9988056,0.9999748,1.0000174,1.000295,0.9942499995231628
0.99859595,0.999973,1.0000033,1.0002581,0.9944822788238525
0.99900925,0.9999766,1.0000305,1.00033,0.995412290096283
0.9997246,0.9999829,1.0000774,1.0004573,0.9941325187683105
0.99962085,0.99998194,1.0000707,1.0004392,0.9944809079170227
0.99981797,0.9999837,1.0000837,1.0004753,0.9936678409576416
1.000113,0.99998635,1.0001032,1.0005293,0.9935518503189087
0.99991393,0.99998456,1.0000896,1.0004927,0.993435800075531
0.9999124,0.99998456,1.0000894,1.0004925,0.9936677813529968
1.0000088,0.9999854,1.0000958,1.0005102,0.9929719567298889
1.0001093,0.99998623,1.0001028,1.000528,0.9932035803794861
0.9999,0.9999845,1.000088,1.0004922,0.9934353828430176
0.99958485,0.99998194,1.0000658,1.0004386,0.9932035207748413
0.99968815,0.9999828,1.000073,1.0004559,0.9928558468818665
0.9998904,0.99998444,1.0000864,1.0004903,0.9925084114074707
0.9999941,0.9999853,1.0000938,1.000506,0.9925084114074707
1.0009661,0.999993,1.0001615,1.0006713,0.9925084114074707
1.0016055,0.9999983,1.0002056,1.0007826,0.9930873513221741
1.0014982,0.9999974,1.0001981,1.0007635,0.9928556084632874
1.0019137,1.000001,1.0002265,1.0008365,0.9925081729888916
1.0034447,1.0000148,1.0003304,1.0011085,0.993087112903595
1.0053558,1.0000336,1.0004609,1.0014715,0.9932029843330383
1.0058903,1.0000393,1.0004979,1.0015813,0.9935508370399475
1.0062422,1.0000432,1.0005225,1.0016553,0.9932028651237488
1.006417,1.0000451,1.0005347,1.0016922,0.9933187961578369
1.0059783,1.0000403,1.0005039,1.0015986,0.9922760128974915
1.0065036,1.000046,1.0005407,1.0017074,0.9933177828788757
1.0054706,1.0000346,1.0004683,1.001485,0.9929701089859009
1.0060929,1.0000411,1.0005127,1.0016092,0.9918122291564941
1.0067911,1.0000486,1.000562,1.0017512,0.9914655685424805
1.0063506,1.000044,1.0005301,1.0016607,0.991349995136261
1.0059949,1.0000403,1.0005044,1.0015892,0.9921587109565735
1.0050095,1.0000302,1.0004326,1.0013956,0.9918117523193359
1.0054765,1.0000346,1.0004674,1.0014802,0.9914650917053223
1.0060354,1.0000398,1.000509,1.0015812,0.9911186695098877
1.0055724,1.0000354,1.0004745,1.0014958,0.9911186695098877
1.0061285,1.0000407,1.0005159,1.0015962,0.9911186695098877
1.005758,1.0000371,1.0004883,1.001529,0.9912340044975281
1.0061276,1.0000407,1.0005158,1.0015945,0.9907723069190979
1.0059309,1.0000387,1.0005007,1.0015614,0.9913492798805237
1.0055082,1.0000341,1.0004708,1.0014805,0.9915803074836731
1.0055044,1.000034,1.0004705,1.0014805,0.991233766078949
1.0054181,1.000033,1.0004642,1.0014647,0.9911183714866638
1.0058068,1.0000379,1.0004927,1.0015424,0.9916955232620239
1.0054232,1.000033,1.0004642,1.0014635,0.9914644360542297
1.0050359,1.0000281,1.0004354,1.0013865,0.9914644360542297
1.0046445,1.0000232,1.0004061,1.0013113,0.992042064666748
1.0047969,1.0000252,1.0004172,1.0013393,0.9922733902931213
1.0051854,1.0000299,1.0004462,1.0014092,0.9914639592170715
1.006436,1.0000452,1.00054,1.0016298,0.992619514465332
1.0065833,1.0000472,1.0005509,1.0016599,0.9918094873428345
1.005917,1.0000381,1.0004995,1.0015152,0.992271900177002
1.0046191,1.0000213,1.0004001,1.0012552,0.9926190972328186
1.0046983,1.0000223,1.0004063,1.0012667,0.9922718405723572
1.0046945,1.0000223,1.0004059,1.0012662,0.9914624094963074
1.0042634,1.0000174,1.0003732,1.001206,0.9910004734992981
1.0037401,1.0000116,1.0003337,1.0011364,0.990769624710083
1.0037377,1.0000116,1.0003335,1.0011363,0.9911158084869385
1.0035666,1.0000097,1.0003206,1.0011139,0.991346538066864
1.0034814,1.0000087,1.000314,1.0011027,0.9914621114730835
1.0027119,1.0,1.0002551,1.0010096,0.9914621114730835
1.0036664,1.0000106,1.0003282,1.0011173,0.990653932094574
1.0038332,1.0000125,1.0003408,1.0011371,0.99088454246521
1.0035753,1.0000095,1.0003207,1.0011057,0.9909999370574951
1.003827,1.0000124,1.00034,1.001135,0.9908846020698547
1.0039065,1.0000134,1.0003461,1.0011444,0.990538477897644
1.0037367,1.0000113,1.0003331,1.0011246,0.990538477897644
1.003735,1.0000113,1.0003327,1.0011245,0.9904232025146484
1.0038948,1.0000132,1.0003455,1.0011427,0.9899622797966003
1.0038102,1.0000123,1.0003386,1.0011334,0.9901926517486572
1.0038906,1.0000132,1.0003448,1.0011423,0.9906535744667053
1.0040483,1.0000151,1.0003574,1.0011599,0.9906535744667053
1.0046393,1.0000219,1.0004051,1.0012217,0.9901924729347229
1.0047082,1.0000229,1.0004104,1.0012305,0.9893863797187805
1.0052565,1.0000285,1.0004548,1.0012846,0.9874329566955566
1.0057092,1.0000331,1.0004908,1.0013301,0.9875475168228149
1.006624,1.0000423,1.000565,1.001427,0.9876621961593628
1.0069846,1.000046,1.0005943,1.0014668,0.9880061149597168
1.0075316,1.0000516,1.0006388,1.0015262,0.9881208539009094
1.0075294,1.0000516,1.0006386,1.0015255,0.9886946082115173
1.0073493,1.0000497,1.0006238,1.0015054,0.9886946082115173
1.0075246,1.0000516,1.0006381,1.0015223,0.9878909587860107
1.0078887,1.0000556,1.0006676,1.0015596,0.9884644746780396
1.0080771,1.0000576,1.000683,1.0015783,0.9881201386451721
1.0079782,1.0000565,1.0006748,1.0015688,0.9883496165275574
1.0076087,1.0000525,1.0006448,1.0015315,0.9878906607627869
1.007608,1.0000525,1.0006448,1.0015314,0.9881200790405273
1.0074211,1.0000504,1.0006295,1.001513,0.98823481798172
1.007239,1.0000484,1.0006144,1.0014944,0.9885790348052979
1.0076925,1.0000535,1.000652,1.0015398,0.9884641766548157
1.0076908,1.0000535,1.000652,1.0015396,0.9881198406219482
1.0071535,1.0000472,1.000607,1.0014828,0.9883493185043335
1.0067885,1.000043,1.0005764,1.0014472,0.9885788559913635
1.0070566,1.0000461,1.0005988,1.001474,0.9883492588996887
1.0066972,1.000042,1.0005687,1.0014374,0.9882345199584961
1.0066085,1.0000409,1.0005614,1.0014279,0.9888083338737488
1.0068624,1.000044,1.0005832,1.0014559,0.9891530275344849
1.0071216,1.0000471,1.0006052,1.0014834,0.9891530275344849
1.0066042,1.0000409,1.000561,1.0014268,0.9891530275344849
1.0073705,1.0000502,1.0006268,1.0015086,0.988923192024231
1.0081182,1.0000596,1.0006922,1.001593,0.9869716167449951
1.0088654,1.0000689,1.0007585,1.0016781,0.9873150587081909
1.0102798,1.0000864,1.0008863,1.0018332,0.9872004985809326
1.0101111,1.0000844,1.000871,1.0018152,0.9872004985809326
1.0113095,1.0000998,1.0009824,1.0019504,0.9872004985809326
1.0118603,1.0001068,1.001035,1.0020127,0.9875440001487732
1.0122787,1.0001117,1.0010746,1.0020554,0.9874294400215149
1.0116806,1.0001048,1.0010188,1.001995,0.9875440001487732
1.0142548,1.0001342,1.0012587,1.0022334,0.9902981519699097
1.0140152,1.0001312,1.0012356,1.0022072,0.9893766641616821
1.0145448,1.0001382,1.0012883,1.0022616,0.9890316724777222
1.0142351,1.0001341,1.0012574,1.0022302,0.9896064400672913
1.0140883,1.0001321,1.0012428,1.0022123,0.9902971386909485
1.014342,1.0001361,1.0012715,1.0022486,0.9898363351821899
1.0137748,1.0001271,1.0012046,1.0021659,0.9899513721466064
1.0131807,1.000118,1.0011364,1.0020916,0.9897211194038391
1.0138733,1.000128,1.0012132,1.002164,0.9896059632301331
1.0143948,1.000136,1.0012729,1.0022264,0.9894909858703613
1.0142015,1.0001329,1.0012504,1.0022022,0.9897210001945496
1.0140141,1.0001298,1.001228,1.002178,0.9899511933326721
1.01346,1.0001197,1.0011538,1.0020994,0.9897209405899048
1.0139908,1.0001297,1.0012295,1.0021722,0.9901814460754395
1.014826,1.000147,1.0013576,1.0023023,0.9909882545471191
1.0152527,1.0001583,1.0014389,1.0023894,0.9908729195594788
1.015035,1.0001512,1.0013863,1.0023317,0.9911037087440491
1.0149369,1.000146,1.0013484,1.0022926,0.9914500117301941
1.0149376,1.000147,1.0013555,1.0022991,0.9912189245223999
1.0149248,1.0001459,1.0013474,1.0022922,0.9912189245223999
1.0149199,1.0001489,1.0013703,1.0023121,0.9913343787193298
1.0149215,1.0001469,1.0013545,1.0022986,0.9914499521255493
1.0149212,1.0001469,1.0013545,1.0022982,0.9912188649177551
1.01493,1.0001428,1.0013233,1.0022731,0.9908726215362549
1.0149232,1.0001448,1.0013385,1.0022844,0.99098801612854
1.0149167,1.0001458,1.0013458,1.0022893,0.9912188649177551
1.014736,1.0001568,1.0014337,1.0023463,0.9913343191146851
1.0157305,1.0001467,1.0013547,1.002292,0.9923741817474365
1.0163236,1.0001416,1.0013143,1.0022682,0.9930686950683594
1.0159637,1.0001448,1.0013367,1.002282,0.992952823638916
1.0164431,1.0001404,1.0013065,1.0022627,0.9934162497520447
1.0170422,1.000135,1.0012691,1.0022418,0.9951571822166443
1.0174013,1.0001316,1.0012465,1.00223,0.9974872469902039
1.0150034,1.0001537,1.0013949,1.002296,0.9981890320777893
1.0150033,1.0001537,1.0013946,1.0022956,0.9986574053764343
1.0142846,1.0001603,1.0014395,1.0023143,0.9988917112350464
1.0116494,1.0001847,1.0016081,1.0023803,0.9983056783676147
1.0120088,1.0001811,1.001586,1.0023685,0.9990086555480957
1.0103295,1.0001974,1.0016899,1.002424,0.9976024031639099
1.0098498,1.0002022,1.0017185,1.0024412,0.998421311378479
1.007329,1.000227,1.0018744,1.0025306,0.9993588328361511
1.0073289,1.000227,1.0018742,1.0025305,0.998772144317627
1.0073287,1.000227,1.001874,1.0025305,0.9983034133911133
1.0075687,1.0002245,1.0018593,1.0025207,0.997016191482544
1.0028775,1.0002728,1.0021363,1.0027099,0.9976003766059875
1.0022763,1.000279,1.0021688,1.0027399,0.998302161693573
1.0020359,1.0002815,1.0021826,1.0027517,0.9977169036865234
1.0040766,1.0002604,1.0020645,1.0026472,0.9984188675880432
1.0043168,1.0002578,1.0020493,1.0026364,0.9979504346847534
1.0061159,1.000239,1.0019408,1.0025644,0.9984186887741089
1.0058758,1.0002415,1.0019557,1.0025718,0.9981845021247864
1.0058758,1.0002415,1.0019556,1.0025717,0.9975992441177368
1.0055159,1.0002453,1.0019778,1.0025824,0.9975992441177368
1.0058756,1.0002415,1.0019546,1.0025716,0.9974822998046875
1.0059954,1.0002402,1.0019467,1.002568,0.9980669617652893
1.0063548,1.0002363,1.0019246,1.0025572,0.9974818825721741
1.0073128,1.0002258,1.0018662,1.0025296,0.9968975782394409
1.0065943,1.0002337,1.0019112,1.0025461,0.9963138103485107
1.0064746,1.000235,1.0019184,1.002549,0.9965471029281616
1.0082679,1.0002148,1.0018053,1.0025029,0.9971306324005127
1.0073107,1.0002253,1.0018673,1.0025214,0.9990017414093018
1.0092176,1.000204,1.0017436,1.0024816,0.9992362260818481
1.008741,1.0002091,1.0017762,1.0024862,0.9981809854507446
1.0104042,1.000191,1.0016599,1.0024377,0.9961925745010376
1.0106412,1.0001885,1.0016426,1.0023879,0.996309220790863
1.0105224,1.0001897,1.0016512,1.0024117,0.996309220790863
1.0120602,1.0001739,1.0015373,1.0020665,0.9957261681556702
1.0105238,1.000189,1.0016521,1.002404,0.9950274229049683
1.0101691,1.0001923,1.0016786,1.0024832,0.9950274229049683
1.009343,1.0002,1.0017414,1.0026679,0.9947947859764099
1.0092245,1.0002011,1.0017501,1.0026938,0.9946784973144531
1.0075752,1.0002162,1.0018775,1.0030577,0.9936327934265137
1.0078102,1.000214,1.0018588,1.0030047,0.9949097037315369
1.0088708,1.0002041,1.0017768,1.0027646,0.99514240026474
1.0079277,1.0002129,1.0018492,1.0029718,0.9947933554649353
1.0067527,1.0002239,1.0019393,1.0032257,0.9951422214508057
1.0065178,1.000226,1.0019572,1.0032761,0.9952585697174072
1.007221,1.0002196,1.0019025,1.0031246,0.9950258135795593
1.0068687,1.0002227,1.0019294,1.0031998,0.9950258135795593
1.0078025,1.0002145,1.0018551,1.0029993,0.9952585101127625
1.0083841,1.0002093,1.0018084,1.0028753,0.9951421022415161
1.009312,1.0002012,1.0017334,1.0026813,0.9952584505081177
1.0103532,1.000192,1.0016491,1.0024676,0.9954912066459656
1.0098908,1.0001961,1.0016865,1.0025594,0.9963065981864929
1.0088527,1.0002052,1.0017707,1.0027654,0.9964232444763184
1.0093095,1.0002011,1.0017322,1.0026734,0.9971234798431396
1.0082825,1.00021,1.0018189,1.002877,0.9977078437805176
1.0113505,1.0001827,1.0015591,1.0022634,0.9988781809806824
1.0103397,1.0001916,1.0016475,1.0024555,0.9993473291397095
1.0093403,1.0002003,1.0017368,1.0026457,1.0000516176223755
1.0090065,1.0002031,1.0017664,1.00271,1.0000516176223755
1.0096716,1.0001973,1.0017066,1.0025816,0.9998166561126709
1.008673,1.0002061,1.0017959,1.0027729,1.0000516176223755
1.0081183,1.0002109,1.0018458,1.0028805,1.0005216598510742
1.0082283,1.0002098,1.001836,1.0028586,1.0007569789886475
1.0085578,1.0002067,1.0018063,1.0027939,1.0006393194198608
1.0111806,1.0001823,1.0015694,1.0022892,1.000168800354004
1.0122452,1.0001717,1.0014714,1.0020913,1.000168800354004
1.0121346,1.0001727,1.001481,1.0021094,0.999933660030365
1.0119292,1.0001748,1.0015004,1.0021459,0.9996987581253052
1.0116297,1.0001779,1.0015295,1.0022002,1.0002861022949219
1.0117195,1.0001768,1.0015198,1.0021816,1.0002861022949219
1.0120826,1.0001725,1.0014814,1.0021105,0.9995808601379395
1.0109116,1.0001864,1.0016047,1.0023369,0.9991114139556885
1.0111663,1.0001831,1.0015738,1.0022805,0.9994633793830872
1.0125082,1.0001638,1.0014292,1.0019444,0.9989939332008362
1.0119046,1.0001739,1.0015069,1.0021149,0.9988766312599182
1.0109185,1.0001965,1.0016823,1.0024915,0.9992283582687378
1.0116518,1.0001719,1.0014873,1.0020596,0.9995803236961365
1.011652,1.0001674,1.0014507,1.0019853,0.9988762140274048
1.0115353,1.0001628,1.0014158,1.0019106,0.999931812286377
1.0111768,1.0001538,1.0013462,1.0017618,1.0009897947311401
1.0108151,1.0001458,1.0012857,1.0016339,1.0020499229431152
1.0102674,1.0001342,1.0011995,1.0014564,1.004057765007019
1.0105416,1.00014,1.0012419,1.0015407,1.003820776939392
1.0101266,1.000132,1.0011808,1.0014253,1.0055984258651733
1.0094466,1.0001193,1.0010849,1.0012485,1.0064306259155273
1.0093095,1.0001171,1.0010674,1.0012181,1.0070258378982544
1.009307,1.0001171,1.0010673,1.0012175,1.0061920881271362
1.0100795,1.0001297,1.0011635,1.0013765,1.0097672939300537
1.0103441,1.0001342,1.0011977,1.0014341,1.0094079971313477
1.0099691,1.0001286,1.0011519,1.001365,1.0102465152740479
1.0100329,1.0001297,1.0011607,1.0013782,1.0097668170928955
1.0097728,1.0001265,1.0011334,1.0013376,1.009527325630188
1.0090603,1.0001177,1.0010629,1.0012283,1.0100064277648926
1.0092398,1.0001197,1.0010805,1.0012536,1.0089281797409058
1.009333,1.0001206,1.0010895,1.001266,1.00785231590271
1.0085975,1.0001135,1.0010265,1.0011767,1.0090465545654297
1.0099847,1.0001267,1.0011404,1.0013372,1.0100040435791016
1.0102061,1.0001286,1.0011584,1.0013597,1.0096445083618164
1.0102057,1.0001286,1.0011582,1.0013595,1.0092852115631104
1.0088489,1.0001171,1.0010501,1.0012258,1.0080889463424683
1.0065917,1.0000974,1.0008755,1.0010095,1.0092837810516357
1.006705,1.0000983,1.0008844,1.0010182,1.01132071018219
1.0043223,1.0000787,1.0006965,1.0008264,1.012643575668335
1.0053438,1.0000871,1.0007781,1.0008966,1.0118005275726318
1.0047761,1.0000823,1.0007328,1.0008582,1.0111991167068481
1.0031958,1.0000685,1.0006067,1.0007536,1.0113192796707153
1.0041007,1.000076,1.0006789,1.0008067,1.0111991167068481
1.004213,1.000077,1.000688,1.0008131,1.0115596055984497
1.0039843,1.0000751,1.0006695,1.0007992,1.0113191604614258
1.0040978,1.000076,1.0006785,1.0008056,1.0113191604614258
1.0047836,1.0000815,1.0007335,1.0008456,1.010838508605957
1.0053543,1.0000861,1.0007793,1.0008795,1.0110787153244019
1.0060389,1.0000917,1.0008342,1.0009208,1.011198878288269
1.0050087,1.0000832,1.000752,1.000858,1.0125213861465454
1.0059206,1.0000907,1.0008247,1.0009104,1.011317491531372
1.0056926,1.0000887,1.0008054,1.0008959,1.0107167959213257
1.0056918,1.0000887,1.0008053,1.0008954,1.0110769271850586
1.0060338,1.0000916,1.00083,1.0009183,1.010596513748169
1.0061477,1.0000925,1.0008383,1.0009257,1.0099966526031494
1.0062606,1.0000935,1.0008464,1.0009329,1.0096371173858643
1.0043039,1.0000775,1.000705,1.0008026,1.012035608291626
1.0038434,1.0000737,1.0006717,1.0007732,1.012035608291626
1.0039583,1.0000746,1.0006801,1.0007792,1.0127580165863037
1.0045322,1.0000794,1.0007216,1.0008096,1.0154129266738892
1.0045315,1.0000793,1.000721,1.0008092,1.0150495767593384
1.0041838,1.0000765,1.0006964,1.0007902,1.0167460441589355
1.0060362,1.000091,1.0008245,1.0008919,1.017232060432434
1.0063821,1.0000937,1.0008494,1.0009096,1.0197886228561401
1.0062654,1.0000927,1.0008408,1.0009024,1.0197886228561401
1.0056877,1.0000881,1.0007985,1.0008767,1.0197886228561401
1.0060338,1.0000908,1.0008239,1.0008906,1.0195443630218506
1.0066106,1.0000955,1.0008659,1.0009137,1.0243192911148071
1.0063785,1.0000936,1.000848,1.000901,1.0249359607696533
1.0066086,1.0000955,1.0008657,1.0009074,1.025182843208313
1.0061461,1.0000917,1.0008304,1.0008935,1.0230854749679565
1.0060303,1.0000906,1.0008209,1.000889,1.0228394269943237
1.0070688,1.0000994,1.0008925,1.0009238,1.0209970474243164
1.006606,1.0000955,1.0008621,1.000903,1.0212420225143433
1.007068,1.0000993,1.0008928,1.0009236,1.0212420225143433
1.0077627,1.0001048,1.000939,1.0009547,1.0216097831726074
1.0076473,1.0001038,1.0009313,1.0009494,1.0212419033050537
1.0073024,1.0001009,1.0009084,1.000934,1.0211193561553955
1.007417,1.0001018,1.0009158,1.0009391,1.0207518339157104
1.0073014,1.0001009,1.0009083,1.0009339,1.0197728872299194
1.006153,1.0000911,1.0008347,1.000882,1.0205063819885254
1.0060374,1.0000901,1.0008273,1.0008765,1.020628809928894
1.0058079,1.0000882,1.0008126,1.0008665,1.0187944173812866
1.0067254,1.0000958,1.0008712,1.0009037,1.019770622253418
1.0067233,1.0000957,1.000871,1.0009032,1.0178172588348389
1.0061544,1.0000907,1.0008348,1.00088,1.0183043479919434
1.0045793,1.0000765,1.0007322,1.0008188,1.0165997743606567
1.005139,1.0000817,1.0007693,1.0008373,1.0163569450378418
1.004803,1.0000786,1.0007461,1.0008265,1.0164783000946045
1.0050222,1.0000806,1.0007612,1.0008336,1.0149011611938477
1.0055795,1.0000856,1.0007987,1.0008515,1.0164759159088135
1.0051295,1.0000815,1.0007676,1.000837,1.0168402194976807
1.0053537,1.0000834,1.0007827,1.0008432,1.0176910161972046
1.0052376,1.0000824,1.0007751,1.0008392,1.017812728881836
1.0050118,1.0000803,1.0007602,1.0008326,1.0195183753967285
1.0051205,1.0000812,1.0007676,1.0008353,1.019274115562439
1.0052351,1.000082,1.0007739,1.0008366,1.0181759595870972
1.0038574,1.0000707,1.0006921,1.0007824,1.019150972366333
1.0039717,1.0000715,1.000698,1.0007836,1.0203722715377808
1.0039716,1.0000715,1.0006977,1.0007833,1.020616888999939
1.0040866,1.0000724,1.0007039,1.0007887,1.0198827981948853
1.0040863,1.0000724,1.0007032,1.0007871,1.020249605178833
1.0047787,1.0000777,1.0007377,1.0008262,1.0192714929580688
1.004894,1.0000786,1.0007433,1.0008329,1.0186612606048584
1.0032755,1.000066,1.000662,1.0007383,1.0176862478256226
1.0038528,1.0000703,1.0006922,1.0007666,1.0165914297103882
1.0043157,1.0000738,1.000717,1.000789,1.0170774459838867
1.0048946,1.000078,1.000748,1.0008178,1.018172025680542
1.006058,1.0000862,1.0008101,1.0008748,1.0176849365234375
1.004663,1.0000758,1.0007339,1.0008076,1.0187809467315674
1.0043137,1.0000732,1.0007143,1.000792,1.0154931545257568
1.005125,1.0000793,1.0007575,1.0008267,1.0165843963623047
1.0048926,1.0000775,1.0007439,1.0008172,1.0176780223846436
1.004314,1.0000731,1.00071,1.0007956,1.0180431604385376
1.0044291,1.0000739,1.0007168,1.0007991,1.0173126459121704
1.0032777,1.0000651,1.0006487,1.0007626,1.0184077024459839
1.0029317,1.0000623,1.0006272,1.0007516,1.019017219543457
1.0030471,1.0000632,1.0006336,1.0007557,1.018895149230957
1.0030471,1.0000632,1.0006336,1.0007555,1.0185292959213257
1.0033934,1.0000657,1.0006529,1.0007675,1.0156077146530151
1.0035076,1.0000665,1.0006589,1.0007706,1.0143961906433105
1.0038512,1.0000691,1.0006789,1.000781,1.0145171880722046
1.0038482,1.0000689,1.0006775,1.0007792,1.0147590637207031
1.0044115,1.0000738,1.000707,1.000802,1.0151221752166748
1.0047505,1.0000767,1.000725,1.000816,1.0150010585784912
1.0046327,1.0000756,1.0007186,1.0008113,1.0145169496536255
1.0040774,1.0000703,1.0006889,1.0007879,1.0160905122756958
1.0042995,1.0000724,1.0007008,1.0007963,1.0157264471054077
1.0042986,1.0000722,1.0007007,1.0007963,1.0136675834655762
1.0042975,1.0000722,1.0007004,1.0007957,1.0147548913955688
1.0040748,1.0000702,1.000688,1.0007875,1.017177939414978
1.0042949,1.0000722,1.0006998,1.0007931,1.0145065784454346
1.0056258,1.000084,1.0007771,1.0008239,1.0140228271484375
1.0062826,1.00009,1.000819,1.0008354,1.0135395526885986
1.0063883,1.000091,1.000826,1.0008372,1.012574315071106
1.0057268,1.000085,1.0007837,1.0008248,1.0117312669754028
1.006392,1.0000908,1.0008258,1.0008357,1.0105290412902832
1.0062792,1.0000898,1.0008184,1.0008336,1.0111291408538818
1.0063883,1.0000907,1.0008256,1.0008348,1.0102884769439697
1.0066062,1.0000926,1.0008401,1.0008374,1.0089699029922485
1.0062714,1.0000895,1.0008177,1.0008328,1.0087306499481201
1.0061626,1.0000885,1.0008104,1.0008309,1.0087306499481201
1.0071666,1.0000988,1.0008819,1.0008475,1.0100468397140503
1.0067804,1.0000947,1.0008522,1.0008395,1.010526418685913
1.0063938,1.0000904,1.0008228,1.0008324,1.009926676750183
1.0062956,1.0000893,1.0008153,1.0008307,1.0100466012954712
1.0068625,1.0000956,1.0008583,1.0008383,1.0096869468688965
1.0073545,1.0001009,1.0008924,1.0008506,1.008729100227356
1.008725,1.0001158,1.0009873,1.0008887,1.0089682340621948
1.0089166,1.0001179,1.0010018,1.0008934,1.0090878009796143
1.009401,1.0001231,1.0010382,1.0009046,1.0082505941390991
1.0093023,1.0001221,1.0010309,1.0009018,1.0098048448562622
1.0092068,1.000121,1.0010234,1.0008985,1.0100445747375488
1.0097736,1.0001273,1.0010679,1.0009114,1.0100445747375488
1.0106114,1.0001367,1.0011349,1.0009317,1.0086069107055664
1.0119871,1.0001523,1.0012468,1.0009694,1.0062187910079956
1.0129812,1.0001638,1.0013329,1.0009891,1.0063378810882568
1.0124363,1.0001576,1.0012817,1.0009485,1.003841757774353
1.0116102,1.0001483,1.0012075,1.000742,1.0049080848693848
1.0123614,1.0001563,1.001278,1.0009497,1.0043150186538696
1.0128272,1.0001612,1.0013225,1.001085,1.0026570558547974
1.0131108,1.000164,1.0013492,1.0011661,1.0036025047302246
1.0128164,1.0001612,1.001321,1.0010848,1.0037208795547485
1.0127203,1.0001602,1.0013117,1.0010579,1.0034842491149902
1.0129069,1.0001621,1.0013292,1.0011076,1.0036025047302246
1.0119708,1.0001523,1.0012419,1.0008352,1.0043128728866577
1.0118732,1.0001514,1.0012329,1.0008079,1.0049055814743042
1.0121617,1.0001543,1.0012597,1.0008854,1.0056179761886597
1.012753,1.0001601,1.0013138,1.0010391,1.0045489072799683
1.0124557,1.0001571,1.0012865,1.0009607,1.0054980516433716
1.0123476,1.000156,1.0012776,1.0009336,1.0052605867385864
1.0123461,1.000156,1.0012774,1.0009334,1.0052605867385864
1.0119884,1.000152,1.0012445,1.0008252,1.0056169033050537
1.0121673,1.000154,1.0012609,1.0008782,1.0057358741760254
1.0124344,1.000157,1.0012852,1.0009581,1.0058547258377075
1.0127048,1.00016,1.0013093,1.0010376,1.0038355588912964
1.0125206,1.000158,1.0012931,1.000984,1.0033620595932007
1.0120732,1.000153,1.0012519,1.0008489,1.0034804344177246
1.0113406,1.0001451,1.0011849,1.0006379,1.0040721893310547
1.0120921,1.0001528,1.0012534,1.0008376,1.0040721893310547
1.0129201,1.0001615,1.0013303,1.0010604,1.0037168264389038
1.0128195,1.0001605,1.0013213,1.0010352,1.0056129693984985
1.0117348,1.0001475,1.0012122,1.0007067,1.005969524383545
1.0117344,1.0001475,1.0012121,1.0007054,1.0058506727218628
1.0114726,1.0001445,1.0011857,1.0006384,1.0052565336227417
1.0119755,1.0001503,1.0012379,1.0007682,1.005612850189209
1.0116422,1.0001464,1.0012027,1.0006818,1.0062071084976196
1.0116396,1.0001464,1.0012026,1.0006814,1.0059691667556763
1.0113828,1.0001434,1.0011762,1.0006183,1.00620698928833
1.0112277,1.0001414,1.0011593,1.000576,1.0057313442230225
1.011648,1.0001473,1.0012097,1.0007013,1.0056124925613403
1.0116465,1.0001473,1.0012097,1.0007011,1.0066825151443481
1.0121177,1.0001543,1.0012686,1.0008463,1.0062061548233032
1.0122465,1.0001563,1.001285,1.0008875,1.006682276725769
1.0121754,1.0001552,1.0012767,1.000866,1.007397174835205
1.0125837,1.0001624,1.0013332,1.0010151,1.0072778463363647
1.0124662,1.0001602,1.001317,1.0009718,1.0069202184677124
1.0125641,1.0001622,1.001333,1.0010148,1.0070393085479736
1.0124983,1.0001612,1.0013245,1.0009933,1.0069202184677124
1.0124638,1.000161,1.001324,1.0009929,1.0057295560836792
1.0125284,1.0001664,1.0013616,1.0011015,1.005610704421997
1.0124807,1.0001558,1.0012836,1.0008831,1.0053730010986328
1.0124885,1.0001485,1.0012274,1.0007374,1.0063238143920898
1.0123599,1.0001256,1.0010499,1.0002903,1.0063238143920898
1.0130023,1.0001175,1.0009786,1.0001522,1.0057289600372314
1.0128825,1.0001185,1.0009873,1.0001669,1.0040661096572876
1.0108733,1.0001355,1.0011389,1.0004219,1.0046586990356445
1.0106363,1.0001376,1.0011572,1.0004531,1.0043028593063354
1.0107545,1.0001365,1.0011472,1.0004373,1.004539966583252
1.0111098,1.0001334,1.0011208,1.00039,1.005133032798767
1.0118197,1.0001272,1.0010679,1.0002986,1.0046583414077759
1.0118196,1.0001272,1.0010678,1.0002981,1.0048954486846924
1.0114647,1.0001303,1.001094,1.0003407,1.0047768354415894
1.0114646,1.0001303,1.0010939,1.0003405,1.0045396089553833
1.0114644,1.0001303,1.0010936,1.0003402,1.0046582221984863
1.0111103,1.0001334,1.0011189,1.0003814,1.0047768354415894
1.0112284,1.0001322,1.0011103,1.0003648,1.0033541917800903
1.012054,1.0001245,1.0010539,1.0002526,1.0034725666046143
1.012643,1.000119,1.0010127,1.0001739,1.0034725666046143
1.0124071,1.0001211,1.0010285,1.0002052,1.0035908222198486
1.0125248,1.0001199,1.0010204,1.0001886,1.0035908222198486
1.0116999,1.0001277,1.0010747,1.000303,1.0043011903762817
1.0111114,1.0001332,1.0011141,1.0003842,1.0044196844100952
1.0106406,1.0001376,1.0011457,1.0004486,1.0027611255645752
1.0113459,1.000131,1.0010979,1.000351,1.003352165222168
1.0107584,1.0001364,1.0011386,1.0004264,1.0038254261016846
1.0116946,1.0001278,1.0010735,1.000305,1.0044177770614624
1.0107605,1.0001363,1.0011394,1.0004176,1.0056040287017822
1.0109932,1.0001341,1.0011227,1.0003893,1.0041788816452026
1.0105274,1.0001383,1.0011551,1.0004416,1.0038235187530518
1.0121492,1.0001236,1.001035,1.0002612,1.004652738571167
1.0123796,1.0001215,1.0010172,1.0002373,1.004415512084961
1.0123789,1.0001215,1.001017,1.0002371,1.0038228034973145
1.0119195,1.0001255,1.0010525,1.0002799,1.003941297531128
1.0119194,1.0001255,1.0010524,1.0002798,1.0027575492858887
1.011804,1.0001265,1.0010608,1.0002902,1.0024030208587646
1.0122608,1.0001223,1.0010241,1.0002471,1.0025211572647095
1.0121459,1.0001233,1.0010332,1.000257,1.0025211572647095
1.0118046,1.0001262,1.0010608,1.0002867,1.0028754472732544
1.0123657,1.0001212,1.0010141,1.0002357,1.0029937028884888
1.0120285,1.0001242,1.0010422,1.0002658,1.0033483505249023
1.0121373,1.0001231,1.0010327,1.0002553,1.0033483505249023
1.0125729,1.0001191,1.0009948,1.0002142,1.0039401054382324
1.0127907,1.0001171,1.0009769,1.0001929,1.0042954683303833
1.0130078,1.000115,1.0009589,1.0001721,1.0041768550872803
1.0127896,1.0001171,1.0009766,1.0001919,1.003584623336792
1.0124648,1.00012,1.0010028,1.0002214,1.0038213729858398
1.0126777,1.000118,1.0009849,1.0002015,1.0038213729858398
1.0129964,1.0001149,1.000958,1.0001726,1.0038213729858398
1.0128899,1.0001159,1.0009668,1.0001819,1.0035845041275024
1.0125691,1.0001189,1.0009931,1.0002097,1.0038212537765503
1.0116222,1.0001279,1.0010726,1.0002924,1.0052433013916016
1.0126752,1.0001178,1.0009835,1.0001992,1.0059559345245361
1.0135,1.0001097,1.000911,1.0001316,1.0060749053955078
1.0119878,1.0001248,1.001048,1.000244,1.0053614377975464
1.0115825,1.0001289,1.0010852,1.0002738,1.0060744285583496
1.0117849,1.0001268,1.0010666,1.0002587,1.005955457687378
1.0122924,1.0001217,1.0010202,1.0002218,1.0060744285583496
1.011683,1.0001278,1.0010753,1.0002631,1.006312370300293
1.0120897,1.0001236,1.0010384,1.0002353,1.0059553384780884
1.0121915,1.0001225,1.0010291,1.0002286,1.0058364868164062
1.0125982,1.0001184,1.0009927,1.000202,1.0070260763168335
1.012293,1.0001215,1.0010194,1.000222,1.006549596786499
1.0122881,1.0001215,1.0010176,1.0002202,1.0060734748840332
1.0121835,1.0001224,1.0010253,1.0002277,1.0059545040130615
1.0124573,1.0001193,1.0010015,1.000204,1.006668210029602
1.0123534,1.0001203,1.0010078,1.00021,1.0072638988494873
1.0122496,1.0001214,1.0010147,1.0002182,1.008934497833252
1.0123489,1.0001192,1.0010003,1.0002007,1.0091737508773804
1.0122095,1.0001212,1.0010147,1.0002154,1.0097724199295044
1.01216,1.0001202,1.0010073,1.000208,1.0096524953842163
1.0121366,1.0001222,1.0010215,1.0002223,1.0095328092575073
1.011876,1.000118,1.0009929,1.0001934,1.0102516412734985
1.0113666,1.0001107,1.0009428,1.0001438,1.011331558227539
1.0115106,1.0001128,1.0009571,1.0001552,1.0131362676620483
1.0115874,1.0001137,1.000964,1.0001596,1.014464020729065
1.0114821,1.0001127,1.000956,1.0001539,1.0137386322021484
1.0112765,1.0001106,1.0009402,1.0001446,1.0126523971557617
1.0110706,1.0001086,1.0009248,1.0001352,1.013616919517517
1.0110682,1.0001086,1.0009246,1.0001345,1.0142208337783813
1.0114839,1.0001125,1.0009556,1.0001509,1.0145835876464844
1.0114831,1.0001125,1.0009551,1.0001508,1.0142208337783813
1.0112697,1.0001105,1.0009396,1.0001429,1.0140999555587769
1.011056,1.0001085,1.0009243,1.000135,1.0143415927886963
1.0110549,1.0001085,1.0009241,1.0001348,1.0131332874298096
1.0107305,1.0001054,1.000902,1.0001227,1.0130126476287842
1.0106213,1.0001043,1.0008943,1.0001174,1.0133745670318604
1.0104945,1.0001031,1.0008864,1.0001104,1.014098882675171
1.0103748,1.0001019,1.0008795,1.0001034,1.013736367225647
1.0103624,1.0001019,1.0008793,1.0001025,1.013615608215332
1.010401,1.000103,1.0008845,1.0001092,1.013615608215332
1.0105474,1.0001053,1.0008961,1.0001237,1.0131328105926514
1.0098519,1.0000963,1.000849,1.0000625,1.0133740901947021
1.0103132,1.0001018,1.0008793,1.0000933,1.0137361288070679
1.0107023,1.0001062,1.0009035,1.0001175,1.0140985250473022
1.0105056,1.000104,1.0008911,1.0001053,1.0138568878173828
1.0095305,1.0000929,1.000829,1.0000421,1.013253092765808
1.0094303,1.0000918,1.0008225,1.0000368,1.0122883319854736
1.0089353,1.0000863,1.0007902,1.0000111,1.0132521390914917
1.0090321,1.0000874,1.0007967,1.0000151,1.014338493347168
1.0082217,1.0000788,1.000744,0.9999787,1.014217734336853
1.009664,1.0000935,1.0008378,1.0000237,1.0126475095748901
1.0103142,1.0001007,1.0008888,1.0000471,1.0126475095748901
1.0107981,1.0001069,1.0009341,1.0000665,1.0122860670089722
1.0107236,1.0001059,1.0009265,1.000063,1.013008952140808
1.0109397,1.000109,1.000949,1.0000725,1.0125267505645752
1.0110117,1.00011,1.0009567,1.0000751,1.0125267505645752
1.0110112,1.00011,1.0009567,1.000075,1.0121653079986572
1.0109273,1.000109,1.0009487,1.0000719,1.0119246244430542
1.0106959,1.0001059,1.0009257,1.0000628,1.0126469135284424
1.0106115,1.0001048,1.0009178,1.0000598,1.0126469135284424
1.0105321,1.0001037,1.0009098,1.0000564,1.0134906768798828
1.0102992,1.0001005,1.0008874,1.0000463,1.0137321949005127
1.0103728,1.0001016,1.0008943,1.0000494,1.0136114358901978
1.0106076,1.0001047,1.0009133,1.0000565,1.0144569873809814
1.0106056,1.0001047,1.0009133,1.0000558,1.014215111732483
1.0099783,1.0000954,1.0008667,1.0000007,1.014456868171692
1.0097326,1.0000919,1.0008485,0.99998295,1.0143358707427979
1.0100614,1.0000964,1.0008719,1.000005,1.0143358707427979
1.0098081,1.000093,1.0008545,0.9999869,1.0149407386779785
1.0099676,1.0000952,1.0008658,0.9999989,1.0137308835983276
1.0102844,1.0000998,1.0008887,1.0000225,1.0128858089447021
1.0093411,1.0000861,1.0008166,0.9999466,1.0102368593215942
1.0088422,1.0000793,1.0007766,0.99991703,1.0092778205871582
1.0092477,1.0000845,1.0008125,0.99992895,1.0093975067138672
1.0086007,1.0000762,1.0007535,0.99991024,1.0114351511001587
1.0081798,1.0000709,1.0007153,0.99990183,1.0116755962371826
1.007336,1.0000604,1.0006354,0.9998741,1.0115553140640259
1.0071566,1.0000583,1.0006189,0.99983156,1.0111945867538452
1.0068846,1.0000552,1.0005941,0.999764,1.0104738473892212
1.0068817,1.0000552,1.000594,0.9997637,1.0104738473892212
1.0070517,1.0000572,1.0006102,0.99980974,1.010833978652954
1.0072252,1.0000592,1.0006266,0.9998553,1.010833978652954
1.0072243,1.0000592,1.0006262,0.9998551,1.010833978652954
1.0075915,1.0000633,1.0006585,0.99994653,1.0111942291259766
1.0073113,1.0000602,1.000634,0.99987745,1.0110740661621094
1.0074062,1.0000612,1.0006422,0.9998995,1.0102335214614868
1.0072098,1.0000591,1.0006257,0.99985456,1.009634017944336
1.0073769,1.000061,1.0006412,0.99989784,1.009873628616333
1.0078769,1.0000658,1.0006843,1.0000054,1.0097538232803345
1.0080783,1.0000677,1.0007017,1.0000479,1.0105928182601929
1.0079718,1.0000668,1.000693,1.0000259,1.0111931562423706
1.0079695,1.0000666,1.0006927,1.0000253,1.0116740465164185
1.0070099,1.000058,1.0006131,0.99983954,1.0109525918960571
1.0064673,1.0000534,1.0005679,0.9997399,1.011553406715393
1.0054811,1.0000453,1.0004858,0.99956524,1.0105918645858765
1.0051494,1.0000427,1.0004579,0.9995091,1.0115524530410767
1.0040457,1.0000339,1.0003641,0.99932724,1.0113118886947632
1.0050387,1.0000415,1.0004501,0.99947923,1.011792778968811
1.0048213,1.0000397,1.0004311,0.9994456,1.0101099014282227
1.0053468,1.0000442,1.0004784,0.99952555,1.0098700523376465
1.0054463,1.0000451,1.000488,0.99954116,1.0098700523376465
1.0050415,1.0000415,1.0004491,0.99947816,1.0103496313095093
1.0054464,1.0000451,1.0004874,0.99954045,1.0103496313095093
1.0057462,1.0000478,1.0005162,0.99958694,1.0104694366455078
1.0056411,1.0000468,1.0005064,0.9995713,1.009989619255066
1.0054386,1.000045,1.000487,0.99954,1.010109543800354
1.0055386,1.0000459,1.0004963,0.9995557,1.0104691982269287
1.0047344,1.0000383,1.0004213,0.99942905,1.0098694562911987
1.0045284,1.0000364,1.0004023,0.99939805,1.0102289915084839
1.0047225,1.0000383,1.0004209,0.9994281,1.0101090669631958
1.0043149,1.0000345,1.0003825,0.99936515,1.009629487991333
1.0045182,1.0000364,1.0003996,0.9993971,1.0093899965286255
1.004516,1.0000364,1.0003991,0.999397,1.0091506242752075
1.0041925,1.0000334,1.0003744,0.9993458,1.0093899965286255
1.0049448,1.0000402,1.0004319,0.9994629,1.0097492933273315
1.0053692,1.0000441,1.000465,0.9995295,1.0095096826553345
1.0050507,1.0000411,1.0004396,0.9994794,1.009150505065918
1.0053691,1.0000441,1.0004649,0.99952805,1.009270191192627
1.0052618,1.000043,1.0004562,0.99951166,1.0096293687820435
1.0053647,1.000044,1.0004646,0.99952704,1.0107080936431885
1.0054688,1.0000448,1.0004728,0.9995417,1.0095082521438599
1.0068963,1.0000567,1.0005869,0.99973696,1.0085505247116089
1.006357,1.0000521,1.0005401,0.9996633,1.0103453397750854
1.0064625,1.0000529,1.0005491,0.99967605,1.010825276374817
1.0067797,1.0000557,1.000578,0.99971586,1.010585069656372
1.0064608,1.0000529,1.0005486,0.9996758,1.0099852085113525
1.0068772,1.0000566,1.0005864,0.99972767,1.010704755783081
1.0065646,1.0000538,1.0005575,0.9996871,1.0102245807647705
1.0065635,1.0000538,1.0005574,0.99968696,1.0101046562194824
1.0100904,1.0000849,1.0008842,1.0001206,1.0096250772476196
1.0098295,1.000082,1.0008539,1.000079,1.0099846124649048
1.0099148,1.000083,1.0008637,1.0000927,1.0099846124649048
1.0097334,1.000081,1.0008436,1.0000647,1.0101045370101929
1.0095556,1.0000789,1.0008237,1.000037,1.0097448825836182
1.0095482,1.0000788,1.0008236,1.000037,1.0098646879196167
1.0098112,1.0000818,1.0008527,1.0000762,1.0099846124649048
1.0096289,1.0000798,1.0008329,1.0000495,1.0097448825836182
1.0089867,1.0000728,1.0007659,0.9999577,1.0099844932556152
1.0082375,1.0000651,1.0006887,0.99985415,1.0098645687103271
1.0080453,1.0000631,1.0006691,0.99982864,1.0101044178009033
1.0072135,1.0000542,1.0005826,0.9997186,1.0096248388290405
1.006837,1.0000503,1.0005438,0.99967134,1.0087865591049194
1.0078739,1.0000609,1.0006505,0.99979585,1.0090258121490479
1.0085188,1.0000677,1.0007191,0.9998773,1.0091454982757568
1.0077736,1.00006,1.0006404,0.99978215,1.0090258121490479
1.0082486,1.0000647,1.0006897,0.99983925,1.0087865591049194
1.008055,1.0000628,1.0006697,0.9998162,1.0085474252700806
1.0080541,1.0000628,1.0006696,0.9998158,1.0085474252700806
1.0075885,1.0000579,1.0006204,0.99976015,1.0090256929397583
1.007399,1.0000559,1.0006007,0.9997383,1.0090256929397583
1.0072154,1.0000539,1.0005811,0.9997174,1.0087864398956299
1.0071219,1.0000528,1.0005714,0.99970686,1.008547306060791
1.0076618,1.0000588,1.0006293,0.9997637,1.008547306060791
1.0073897,1.0000558,1.0006003,0.9997343,1.0081888437271118
1.0067697,1.0000488,1.0005338,0.9996672,1.008069396018982
1.0070326,1.0000517,1.0005618,0.99969476,1.0079498291015625
1.0065116,1.0000457,1.0005057,0.9996394,1.0078305006027222
1.0061669,1.0000416,1.0004689,0.99960333,1.0078305006027222
1.006763,1.0000488,1.0005317,0.9996622,1.0079498291015625
1.0068434,1.0000497,1.0005406,0.99966973,1.0081887245178223
1.0066684,1.0000477,1.0005225,0.9996533,1.0072335004806519
1.0071472,1.0000538,1.000575,0.9996981,1.0078299045562744
1.0073023,1.0000558,1.0005926,0.99971336,1.0083073377609253
1.0071373,1.0000538,1.0005746,0.99969757,1.0080684423446655
1.0068094,1.0000497,1.0005388,0.99966764,1.0068747997283936
1.0068065,1.0000497,1.0005387,0.9996675,1.0067557096481323
1.0063375,1.0000436,1.0004851,0.9996253,1.0061601400375366
1.0064932,1.0000457,1.000503,0.99963844,1.0062792301177979
1.0063338,1.0000436,1.0004851,0.99962467,1.005327582359314
1.0071979,1.0000548,1.0005832,0.9996987,1.0069917440414429
1.0071216,1.0000538,1.000574,0.9996914,1.0078264474868774
1.0066818,1.0000477,1.0005194,0.99964756,1.0085428953170776
1.006751,1.0000486,1.0005282,0.999654,1.0084234476089478
1.0065984,1.0000466,1.0005095,0.9996401,1.008781909942627
1.0064543,1.0000446,1.0004913,0.99962753,1.008901596069336
1.0065227,1.0000457,1.0005002,0.9996334,1.008901596069336
1.0064424,1.0000446,1.0004907,0.9996268,1.008781909942627
1.0067241,1.0000488,1.0005263,0.9996491,1.0084232091903687
1.0066458,1.0000477,1.0005169,0.99964285,1.0083036422729492
1.0072235,1.0000571,1.0005944,0.9996892,1.0081841945648193
1.0072119,1.000057,1.0005939,0.9996888,1.0078259706497192
1.007373,1.0000602,1.0006187,0.9997036,1.0079452991485596
1.0076385,1.0000656,1.0006604,0.9997291,1.0083035230636597
1.0077956,1.0000688,1.0006856,0.9997447,1.0083035230636597
1.0075178,1.0000634,1.0006429,0.99971837,1.0073482990264893
1.0072389,1.000058,1.0006007,0.99969333,1.0069904327392578
1.0071236,1.0000559,1.0005834,0.9996838,1.007467269897461
1.0067931,1.0000495,1.0005331,0.99965614,1.007109522819519
1.0065169,1.0000441,1.0004908,0.9996349,1.0073479413986206
1.0070057,1.0000535,1.000563,0.9996602,1.0078250169754028
1.0065964,1.0000429,1.0005113,0.9995691,1.006393551826477
1.0068473,1.0000557,1.0005776,0.9996873,1.005679726600647
1.0068829,1.0000637,1.0006207,0.99976516,1.0062741041183472
1.00687,1.0000682,1.0006464,0.9998095,1.0053224563598633
1.0067115,1.0000705,1.0006588,0.9998312,1.0047287940979004
1.0068592,1.0000682,1.0006453,0.9998094,1.0035431385040283
1.0066235,1.0000705,1.0006577,0.9998307,1.0033063888549805
1.0067415,1.0000693,1.0006506,0.99981964,1.0029516220092773
1.0063871,1.0000726,1.0006701,0.99985194,1.0029516220092773
1.006269,1.0000737,1.0006764,0.9998627,1.0031880140304565
1.0059148,1.000077,1.0006958,0.99989486,1.0034246444702148
1.0057969,1.0000781,1.0007021,0.99990594,1.0034246444702148
1.0048527,1.0000869,1.0007532,0.99999464,1.0038981437683105
1.005678,1.0000789,1.0007095,0.999913,1.0035427808761597
1.0056779,1.0000789,1.0007089,0.9999118,1.0036611557006836
1.0056777,1.0000789,1.0007087,0.99991137,1.0034245252609253
1.0056777,1.0000789,1.0007086,0.9999113,1.0036611557006836
1.0055597,1.0000801,1.0007145,0.9999231,1.0042532682418823
1.0057952,1.0000777,1.0007023,0.99989885,1.0044902563095093
1.0068545,1.0000672,1.0006499,0.9997877,1.0043717622756958
1.0073247,1.0000627,1.0006254,0.9997428,1.0043717622756958
1.0073246,1.0000627,1.0006253,0.99974245,1.0033053159713745
1.0070896,1.000065,1.0006373,0.9997631,1.0027140378952026
1.0065016,1.0000705,1.0006669,0.9998109,1.0016511678695679
1.006618,1.0000694,1.0006597,0.99980253,1.0012974739074707
1.0062684,1.0000726,1.0006802,0.99982625,1.000119924545288
1.0073162,1.0000628,1.0006183,0.9997512,1.001178503036499
1.0078962,1.0000576,1.0005827,0.99971396,1.0009429454803467
1.009399,1.000044,1.0004891,0.9996285,1.0015318393707275
1.0085928,1.0000513,1.0005409,0.9996633,1.0016497373580933
1.0074439,1.0000615,1.0006152,0.9997112,1.00117826461792
1.006984,1.0000657,1.0006455,0.9997304,1.0016496181488037
1.0074437,1.0000615,1.0006152,0.99971026,1.0020034313201904
1.0073279,1.0000626,1.0006226,0.99971443,1.0018854141235352
1.0069846,1.0000657,1.0006453,0.99972755,1.0016494989395142
1.0075561,1.0000604,1.0006076,0.9997035,1.0017675161361694
1.0080116,1.0000563,1.0005773,0.99968517,1.0008244514465332
1.0072156,1.0000634,1.00063,0.9997133,1.00058913230896
1.0068758,1.0000665,1.0006531,0.99972475,1.0008244514465332
1.006309,1.0000716,1.0006913,0.9997438,1.0003536939620972
1.0065355,1.0000696,1.0006763,0.99973464,1.0005890130996704
1.0067619,1.0000676,1.000661,0.99972534,1.0005890130996704
1.0059693,1.0000747,1.0007125,0.9997579,1.0002360343933105
1.0065343,1.0000696,1.0006753,0.9997334,1.0010594129562378
1.0076591,1.0000594,1.0006,0.999687,1.001530647277832
1.0073228,1.0000623,1.0006231,0.9996956,1.0011770725250244
1.0072106,1.0000633,1.0006309,0.99969774,1.001530408859253
1.0069911,1.0000653,1.0006466,0.99970204,1.0014125108718872
1.0076356,1.0000594,1.0005989,0.99968874,1.0015302896499634
1.0074202,1.0000614,1.0006145,0.9996921,1.001648187637329
1.0066764,1.0000684,1.000669,0.9997066,1.0031821727752686
1.0056102,1.0000786,1.0007471,0.9997289,1.0025910139083862
1.0058247,1.0000765,1.0007309,0.99972486,1.002709150314331
1.0058243,1.0000765,1.0007308,0.99972475,1.003063678741455
1.0057155,1.0000775,1.0007386,0.9997263,1.0027090311050415
1.0060322,1.0000744,1.0007145,0.99972117,1.0031818151474
1.0055057,1.0000794,1.0007542,0.99972916,1.0028270483016968
