step,allocator,blended_action,aggressive_action,balanced_action,conservative_action
0,equal_weight,-0.5128067,-0.841674,-0.060240507,-0.63650566
1,equal_weight,-0.8080632,-0.7974559,-0.62931395,-0.9974197
2,equal_weight,-0.59751755,-0.49274504,-0.31317753,-0.98663
3,equal_weight,-0.30709845,-0.8567014,0.50722384,-0.5718178
4,equal_weight,-0.56798893,-0.99736726,0.12928784,-0.83588743
5,equal_weight,-0.83377844,-0.99031174,-0.53025,-0.98077357
6,equal_weight,-0.5084913,-0.9608328,0.33919787,-0.903839
7,equal_weight,-0.21893562,-0.3755226,0.53716993,-0.8184542
8,equal_weight,-0.7797314,-0.9996862,-0.34843564,-0.9910724
9,equal_weight,-0.93712264,-0.99766105,-0.81871825,-0.9949887
10,equal_weight,-0.74599946,-0.7694754,-0.50528586,-0.9632371
11,equal_weight,-0.8537697,-0.64512503,-0.9404769,-0.9757072
12,equal_weight,-0.9140145,-0.8009869,-0.9608647,-0.980192
13,equal_weight,-0.66443616,-0.5939619,-0.4502434,-0.9491031
14,equal_weight,-0.5653687,-0.90204495,0.13662994,-0.93069106
15,equal_weight,-0.6980802,-0.8512961,-0.2536937,-0.9892507
16,equal_weight,-0.71313244,-0.16906965,-0.97766703,-0.9926606
17,equal_weight,-0.5246755,0.36417866,-0.9710445,-0.9671606
18,equal_weight,-0.557634,0.2667768,-0.93997365,-0.9997051
19,equal_weight,-0.45397902,0.5179204,-0.8808818,-0.99897563
20,equal_weight,-0.59490836,0.070735574,-0.85600686,-0.9994537
21,equal_weight,-0.46102038,0.45876813,-0.8434744,-0.99835485
22,equal_weight,-0.47340366,0.37278914,-0.7946534,-0.9983467
23,equal_weight,-0.3726212,0.33119535,-0.45148718,-0.9975718
24,equal_weight,0.047296822,0.78594005,0.308944,-0.9529936
25,equal_weight,-0.40316027,0.69089556,-0.9016476,-0.99872875
26,equal_weight,-0.54432064,0.14182138,-0.778148,-0.99663526
27,equal_weight,-0.73968697,-0.32367212,-0.8954254,-0.99996346
28,equal_weight,-0.59791553,0.11008453,-0.9041003,-0.9997308
29,equal_weight,-0.8059764,-0.44818032,-0.9697837,-0.9999651
30,equal_weight,-0.9212636,-0.89498234,-0.8688317,-0.9999767
31,equal_weight,-0.8203534,-0.56255054,-0.8994062,-0.9991035
32,equal_weight,-0.7921721,-0.5521521,-0.8256357,-0.9987284
33,equal_weight,-0.6906847,-0.41139692,-0.66440797,-0.9962491
34,equal_weight,-0.7624136,-0.65404105,-0.6332295,-0.9999703
35,equal_weight,-0.73137915,-0.6192925,-0.5750349,-0.99981004
36,equal_weight,-0.74095035,-0.32196498,-0.9015372,-0.99934894
37,equal_weight,-0.83049405,-0.60933053,-0.88650244,-0.9956492
38,equal_weight,-0.45565942,0.38541663,-0.76056683,-0.9918281
39,equal_weight,-0.4994683,-0.09759635,-0.42842495,-0.9723836
40,equal_weight,-0.34549955,-0.15541953,0.08963966,-0.9707188
41,equal_weight,0.44923458,0.4968965,0.57867265,0.27213454
42,equal_weight,-0.0647283,-0.103069246,-0.04031551,-0.050800145
43,equal_weight,-0.043093264,0.498847,0.22826529,-0.8563921
44,equal_weight,-0.42450276,-0.7144691,0.17274487,-0.73178405
45,equal_weight,-0.4626464,-0.38503748,-0.44628423,-0.55661744
46,equal_weight,-0.5479976,-0.31909,-0.7093558,-0.61554706
47,equal_weight,-0.19215627,-0.6929445,-0.19768536,0.31416106
48,equal_weight,-0.53809625,-0.76521957,-0.89444363,0.045374513
49,equal_weight,-0.83066624,-0.7227003,-0.97880733,-0.79049116
50,equal_weight,-0.90800494,-0.75443935,-0.97245663,-0.99711883
51,equal_weight,-0.9991153,-0.998912,-0.99843806,-0.99999577
52,equal_weight,-0.9997902,-0.99969727,-0.9996754,-0.99999785
53,equal_weight,-0.9979978,-0.99475884,-0.9992363,-0.9999984
54,equal_weight,-0.99937147,-0.99842787,-0.9996869,-0.9999997
55,equal_weight,-0.99806434,-0.99631417,-0.9978802,-0.9999986
56,equal_weight,-0.98478436,-0.98884636,-0.96551144,-0.99999535
57,equal_weight,-0.9827423,-0.9799393,-0.9682905,-0.99999714
58,equal_weight,-0.9771626,-0.9696346,-0.9618588,-0.9999944
59,equal_weight,-0.61493766,-0.968183,0.12336326,-0.9999932
60,equal_weight,-0.7934951,-0.99483436,-0.38574207,-0.999909
61,equal_weight,-0.93226963,-0.9877044,-0.8093533,-0.99975127
62,equal_weight,-0.92639,-0.98865694,-0.79082537,-0.99968773
63,equal_weight,-0.95656705,-0.98661137,-0.8832147,-0.99987507
64,equal_weight,-0.9691478,-0.99267346,-0.9153722,-0.99939775
65,equal_weight,-0.9670314,-0.99560946,-0.9064679,-0.9990168
66,equal_weight,-0.95982486,-0.9876067,-0.8925309,-0.9993369
67,equal_weight,-0.9320687,-0.9943592,-0.8026849,-0.999162
68,equal_weight,-0.8293362,-0.9992058,-0.49006927,-0.99873364
69,equal_weight,-0.9370373,-0.9865861,-0.8246979,-0.9998278
70,equal_weight,-0.75588006,-0.3762008,-0.9008572,-0.9905822
71,equal_weight,-0.96349746,-0.9823473,-0.9118889,-0.9962561
72,equal_weight,-0.98430073,-0.9965016,-0.9578577,-0.9985428
73,equal_weight,-0.8512701,-0.9696484,-0.59536827,-0.9887936
74,equal_weight,-0.6682938,-0.9994093,-0.13231647,-0.87315553
75,equal_weight,-0.23121913,-0.7767831,0.45789623,-0.37477052
76,equal_weight,-0.039886218,-0.878349,0.8002676,-0.04157722
77,equal_weight,0.110726155,-0.74141264,0.87352514,0.20006597
78,equal_weight,-0.10101688,-0.88177013,0.72421575,-0.14549625
79,equal_weight,-0.2010892,-0.8489182,0.33877516,-0.09312457
80,equal_weight,-0.43879834,-0.9277163,0.121751785,-0.51043046
81,equal_weight,-0.17740755,-0.8187913,0.60633314,-0.3197645
82,equal_weight,0.07277024,-0.6066483,0.749562,0.075397015
83,equal_weight,0.15404691,-0.7934235,0.87770784,0.37785637
84,equal_weight,0.16535544,-0.9078537,0.86766505,0.536255
85,equal_weight,0.036537528,-0.8069737,0.79608095,0.12050533
86,equal_weight,0.04379219,-0.33019876,0.5718763,-0.11030096
87,equal_weight,0.016427636,-0.5457626,0.66620874,-0.07116324
88,equal_weight,0.035004813,-0.3646325,0.5820353,-0.11238837
89,equal_weight,0.11830524,-0.25649977,0.55390537,0.057510138
90,equal_weight,0.20563555,-0.09716785,0.6983628,0.015711665
91,equal_weight,0.558149,0.84049964,0.68521905,0.14872825
92,equal_weight,0.5000679,0.13687503,0.8192084,0.5441203
93,equal_weight,0.43379417,-0.12977278,0.90183175,0.5293236
94,equal_weight,0.20802675,-0.8853335,0.9677441,0.5416696
95,equal_weight,0.4648281,-0.047639847,0.9618747,0.4802494
96,equal_weight,0.46967185,0.005776286,0.8793222,0.5239171
97,equal_weight,0.3841959,-0.2577796,0.8387369,0.57163036
98,equal_weight,0.12273973,-0.7413108,0.6088836,0.50064635
99,equal_weight,-0.72431666,-0.6619297,-0.52012384,-0.9908964
100,equal_weight,-0.34644887,0.36093092,-0.414819,-0.98545855
101,equal_weight,-0.49487922,0.35048044,-0.84273714,-0.9923809
102,equal_weight,-0.45163897,0.3383634,-0.70442045,-0.9888599
103,equal_weight,-0.38022766,0.5551218,-0.9691758,-0.7266289
104,equal_weight,-0.43578714,0.49307585,-0.9508233,-0.84961396
105,equal_weight,-0.50672567,0.2782421,-0.9389715,-0.85944766
106,equal_weight,-0.50012153,0.46813023,-0.9800957,-0.9883991
107,equal_weight,-0.40662768,0.7103212,-0.9731183,-0.95708597
108,equal_weight,-0.31554088,0.8505757,-0.8051427,-0.99205565
109,equal_weight,-0.2334646,0.7753465,-0.48244393,-0.9932964
110,equal_weight,-0.59100586,-0.13155353,-0.64333504,-0.99812907
111,equal_weight,-0.6188768,-0.1113382,-0.7487067,-0.9965855
112,equal_weight,-0.6608879,-0.3917086,-0.59259343,-0.9983616
113,equal_weight,-0.6884391,-0.594868,-0.49291742,-0.97753173
114,equal_weight,-0.15922125,0.7563238,-0.3655653,-0.86842227
115,equal_weight,-0.28191128,0.48332894,-0.4830383,-0.84602445
116,equal_weight,-0.28174755,0.46468902,-0.48838603,-0.8215456
117,equal_weight,-0.61265785,-0.23550868,-0.6396753,-0.9627896
118,equal_weight,-0.24866283,0.7765033,-0.8175186,-0.7049732
119,equal_weight,-0.30822974,0.55720913,-0.91062814,-0.5712702
120,equal_weight,-0.5148337,-0.10910219,-0.6586871,-0.7767117
121,equal_weight,-0.6592993,-0.62500143,-0.5564304,-0.79646605
122,equal_weight,-0.54145354,-0.7929187,0.1564722,-0.9879141
123,equal_weight,-0.9190283,-0.9857827,-0.8018446,-0.9694575
124,equal_weight,-0.73909926,-0.9963029,-0.36778253,-0.8532123
125,equal_weight,-0.9186281,-0.9728671,-0.9328774,-0.8501398
126,equal_weight,-0.7896196,-0.90437263,-0.6529376,-0.8115486
127,equal_weight,-0.54015315,-0.57002413,-0.059102654,-0.9913327
128,equal_weight,-0.7962539,-0.72145915,-0.69435614,-0.9729464
129,equal_weight,-0.55349034,-0.6790287,-0.0197559,-0.9616864
130,equal_weight,-0.6989167,-0.72912145,-0.48034245,-0.8872862
131,equal_weight,-0.8260923,-0.79396456,-0.78125054,-0.90306175
132,equal_weight,-0.9310054,-0.94868803,-0.86372757,-0.9806007
133,equal_weight,-0.9680396,-0.97637063,-0.93801355,-0.9897346
134,equal_weight,-0.86169374,-0.9972919,-0.6057738,-0.98201555
135,equal_weight,-0.8705157,-0.99935967,-0.6213031,-0.9908844
136,equal_weight,-0.4356043,-0.9897316,0.22453666,-0.541618
137,equal_weight,-0.4455392,-0.99278706,0.34259176,-0.6864223
138,equal_weight,-0.3067548,-0.9060517,0.613672,-0.6278847
139,equal_weight,-0.33896556,-0.79378265,0.5048127,-0.7279268
140,equal_weight,-0.13409299,-0.53284514,0.496539,-0.36597282
141,equal_weight,-0.20376392,-0.20397931,0.12750733,-0.5348198
142,equal_weight,0.12319434,0.7131964,0.104795456,-0.44840884
143,equal_weight,-0.30823573,-0.69431394,0.20145655,-0.43184978
144,equal_weight,-0.17203338,-0.98658717,0.5228102,-0.052323222
145,equal_weight,-0.17179067,-0.96148026,0.60047483,-0.15436661
146,equal_weight,0.12229069,-0.7285793,0.8173474,0.27810395
147,equal_weight,0.29948196,-0.8871914,0.9835801,0.80205715
148,equal_weight,0.20527202,-0.626571,0.8644736,0.37791348
149,equal_weight,0.27551758,-0.19197536,0.8522891,0.16623902
150,equal_weight,-0.2105913,-0.7885861,0.52121854,-0.36440635
151,equal_weight,-0.05441479,-0.5176215,0.52324986,-0.16887271
152,equal_weight,-0.19457793,-0.9125782,0.5341871,-0.20534265
153,equal_weight,-0.043278515,-0.9608148,0.7845521,0.04642713
154,equal_weight,0.07086625,-0.9356839,0.87725174,0.2710309
155,equal_weight,-0.042538345,-0.8343504,0.63110304,0.075632334
156,equal_weight,0.4590825,-0.20250988,0.9180751,0.66168237
157,equal_weight,0.19944946,-0.97396564,0.9467046,0.6256094
158,equal_weight,0.13592243,-0.8782511,0.8712375,0.41478086
159,equal_weight,0.14082979,-0.7679284,0.85894156,0.3314762
160,equal_weight,0.21009172,-0.72481936,0.8970425,0.45805204
161,equal_weight,0.11809067,-0.7064444,0.83987784,0.22083855
162,equal_weight,-0.01664555,-0.068914294,0.2136097,-0.19463205
163,equal_weight,-0.12026771,-0.21859032,-0.06390256,-0.07831025
164,equal_weight,0.04808418,-0.29650164,0.31059432,0.13015985
165,equal_weight,0.21333744,-0.15878814,0.38265455,0.41614592
166,equal_weight,0.26818696,0.7960067,-0.52848005,0.5370343
167,equal_weight,-0.6367634,-0.4550076,-0.9902443,-0.4650383
168,equal_weight,-0.6781301,-0.41479456,-0.9930328,-0.6265629
169,equal_weight,-0.59779364,-0.6153322,-0.6906288,-0.48741984
170,equal_weight,-0.7139019,-0.551802,-0.92460114,-0.6653025
171,equal_weight,-0.8044611,-0.76173156,-0.92339545,-0.72825634
172,equal_weight,-0.8662104,-0.7633614,-0.9583896,-0.87688017
173,equal_weight,-0.90530235,-0.9552775,-0.9841273,-0.7765022
174,equal_weight,-0.8042943,-0.86499643,-0.9983759,-0.5495105
175,equal_weight,-0.54926133,-0.7345543,-0.99481493,0.08158517
176,equal_weight,-0.4594073,0.43675518,-0.82852554,-0.98645157
177,equal_weight,0.026725093,0.5659218,0.38113773,-0.86688423
178,equal_weight,0.39959416,0.7914156,0.5393996,-0.13203269
179,equal_weight,-0.050991654,0.22720063,0.07115531,-0.4513309
180,equal_weight,-0.32963112,0.24960315,-0.24009478,-0.9984017
181,equal_weight,-0.60138375,-0.23653638,-0.5679346,-0.99968034
182,equal_weight,-0.84349746,-0.77506584,-0.75600386,-0.99942267
183,equal_weight,-0.30386496,0.6287787,-0.54062384,-0.9997497
184,equal_weight,-0.5252971,-0.29909945,-0.2781629,-0.9986289
185,equal_weight,-0.77928627,-0.9543399,-0.3851925,-0.99832636
186,equal_weight,-0.721953,-0.9355945,-0.23621243,-0.99405205
187,equal_weight,-0.4541065,-0.4601316,0.088742495,-0.99093044
188,equal_weight,-0.75853664,-0.9678498,-0.31145298,-0.99630713
189,equal_weight,-0.87573594,-0.97825736,-0.6493186,-0.99963194
0,vol_regime,-0.58280313,-0.841674,-0.060240507,-0.63650566
1,vol_regime,-0.8453236,-0.77005565,-0.5784504,-0.9972337
2,vol_regime,-0.6984757,-0.48323166,-0.30072165,-0.9867237
3,vol_regime,-0.39327314,-0.7390464,0.5037446,-0.5446163
4,vol_regime,-0.67681164,-0.99631566,0.15740526,-0.818796
5,vol_regime,-0.8792138,-0.9858864,-0.4772544,-0.975994
6,vol_regime,-0.66463476,-0.9505484,0.3399179,-0.8949076
7,vol_regime,-0.29387778,-0.052411973,0.5747781,-0.7862196
8,vol_regime,-0.8518616,-0.99957925,-0.28964007,-0.98811966
9,vol_regime,-0.91958135,-0.9973587,-0.80468744,-0.99499583
10,vol_regime,-0.7308828,-0.7904002,-0.51155305,-0.9638051
11,vol_regime,-0.8638613,-0.648775,-0.94148105,-0.97545475
12,vol_regime,-0.919334,-0.80388045,-0.96038043,-0.9800589
13,vol_regime,-0.64310366,-0.592096,-0.4520023,-0.9489131
14,vol_regime,-0.49978322,-0.90477854,0.12607169,-0.92926115
15,vol_regime,-0.659133,-0.8535854,-0.26511633,-0.99003613
16,vol_regime,-0.74243504,-0.16782737,-0.9785596,-0.9927498
17,vol_regime,-0.57055795,0.3564129,-0.9700608,-0.96693933
18,vol_regime,-0.59279466,0.31595302,-0.9387075,-0.9996781
19,vol_regime,-0.51188916,0.54615474,-0.88139665,-0.99891245
20,vol_regime,-0.6217932,0.1615057,-0.85292774,-0.9993188
21,vol_regime,-0.515855,0.50550246,-0.8418603,-0.99826735
22,vol_regime,-0.5231324,0.45119858,-0.7971073,-0.99814105
23,vol_regime,-0.46848407,0.39853132,-0.4470464,-0.9972684
24,vol_regime,-0.16752094,0.7933285,0.3582356,-0.95433325
25,vol_regime,-0.46004373,0.7360101,-0.9082648,-0.9983876
26,vol_regime,-0.5953578,0.19707513,-0.7812779,-0.9964494
27,vol_regime,-0.75987196,-0.27089214,-0.89311576,-0.99996233
28,vol_regime,-0.6430882,0.12348294,-0.90135574,-0.9997239
29,vol_regime,-0.82296973,-0.43050003,-0.96919197,-0.9999627
30,vol_regime,-0.9417678,-0.8925854,-0.870019,-0.9999768
31,vol_regime,-0.84674597,-0.5579266,-0.8991377,-0.9990809
32,vol_regime,-0.8285153,-0.5480001,-0.8238614,-0.998686
33,vol_regime,-0.74714434,-0.3915851,-0.65810364,-0.99609613
34,vol_regime,-0.81595135,-0.6286688,-0.63683194,-0.9999687
35,vol_regime,-0.7965806,-0.60829633,-0.57097524,-0.9997933
36,vol_regime,-0.7508951,-0.23565435,-0.902799,-0.99927795
37,vol_regime,-0.8556609,-0.60230196,-0.88597584,-0.99555033
38,vol_regime,-0.52833205,0.3937391,-0.7525728,-0.99187845
39,vol_regime,-0.5774149,-0.03464389,-0.40204263,-0.9732263
40,vol_regime,-0.4836042,-0.0692119,0.11637473,-0.97223115
41,vol_regime,0.39628738,0.5518012,0.6130438,0.21627653
42,vol_regime,0.00417673,-0.011071324,0.06843364,-0.0123772025
43,vol_regime,-0.2575113,0.44316697,0.19495511,-0.8589048
44,vol_regime,-0.57138383,-0.7299365,0.31538546,-0.8309599
45,vol_regime,-0.45438027,-0.41190982,-0.14342481,-0.6042447
46,vol_regime,-0.512275,-0.31383783,-0.5900516,-0.60022664
47,vol_regime,-0.067908466,-0.6686137,-0.17853117,0.33676374
48,vol_regime,-0.31748164,-0.7877931,-0.88979703,0.19363141
49,vol_regime,-0.79963744,-0.8022482,-0.975625,-0.727676
50,vol_regime,-0.9325733,-0.7968832,-0.9701265,-0.99896604
51,vol_regime,-0.9989481,-0.99846894,-0.99704385,-0.9999973
52,vol_regime,-0.99977314,-0.99958855,-0.9994853,-0.99999905
53,vol_regime,-0.99796784,-0.99404806,-0.99876976,-0.999999
54,vol_regime,-0.99929136,-0.9979549,-0.9995248,-0.9999999
55,vol_regime,-0.9979718,-0.99543893,-0.99670225,-0.9999992
56,vol_regime,-0.98671126,-0.98600525,-0.95455575,-0.999997
57,vol_regime,-0.98518324,-0.9782382,-0.9585631,-0.9999983
58,vol_regime,-0.9796718,-0.96547043,-0.95016164,-0.99999666
59,vol_regime,-0.76319164,-0.97112626,0.14072275,-0.9999966
60,vol_regime,-0.8442393,-0.99466914,-0.22932482,-0.99994713
61,vol_regime,-0.95881945,-0.98623884,-0.81511486,-0.9998497
62,vol_regime,-0.95273757,-0.9873267,-0.7832591,-0.9997755
63,vol_regime,-0.9726357,-0.9854806,-0.88517016,-0.99991494
64,vol_regime,-0.98051363,-0.9930373,-0.9139063,-0.99964243
65,vol_regime,-0.9798913,-0.9959087,-0.9068417,-0.9995007
66,vol_regime,-0.9745724,-0.9888187,-0.89062095,-0.99960524
67,vol_regime,-0.9579246,-0.9945066,-0.7991057,-0.999503
68,vol_regime,-0.8977944,-0.99925435,-0.49101472,-0.9996304
69,vol_regime,-0.96058154,-0.98854715,-0.82027847,-0.9999234
70,vol_regime,-0.80665576,-0.4278984,-0.90048605,-0.9963781
71,vol_regime,-0.9826229,-0.98976594,-0.93510234,-0.9973453
72,vol_regime,-0.9936496,-0.9980016,-0.97311884,-0.99925077
73,vol_regime,-0.9131105,-0.9831404,-0.60669595,-0.99365836
74,vol_regime,-0.79175913,-0.9995906,-0.127936,-0.93258953
75,vol_regime,-0.3864637,-0.7712474,0.39261508,-0.46722502
76,vol_regime,-0.19390781,-0.8405148,0.7486968,-0.18298548
77,vol_regime,0.02033183,-0.62423545,0.84314,0.07794893
78,vol_regime,-0.20484838,-0.84422505,0.71646047,-0.1897459
79,vol_regime,-0.26693186,-0.8451419,0.3107109,-0.15106297
80,vol_regime,-0.5264466,-0.9254374,0.09050238,-0.53383166
81,vol_regime,-0.32009935,-0.7975861,0.5970758,-0.4004774
82,vol_regime,-0.073207214,-0.6127376,0.72851586,-0.07017821
83,vol_regime,0.1277633,-0.64586616,0.8705411,0.29482985
84,vol_regime,0.15617973,-0.89489496,0.8588388,0.5057609
85,vol_regime,-0.0117465975,-0.7875891,0.7709296,0.14068842
86,vol_regime,-0.054697383,-0.3103869,0.55141616,-0.14372909
87,vol_regime,-0.100562945,-0.50825036,0.6268829,-0.14692885
88,vol_regime,-0.08727928,-0.31270826,0.54322624,-0.20422411
89,vol_regime,0.026224857,-0.031264484,0.5239625,-0.1383766
90,vol_regime,0.12854531,0.047404885,0.6761637,-0.041817784
91,vol_regime,0.4638292,0.8482213,0.6797304,0.14683342
92,vol_regime,0.5082738,0.19392836,0.8162389,0.57369494
93,vol_regime,0.4659909,-0.09644604,0.89816356,0.630584
94,vol_regime,0.25690618,-0.89073044,0.969291,0.66053426
95,vol_regime,0.5898027,0.06307864,0.9629762,0.61896193
96,vol_regime,0.57789356,0.060775757,0.8649585,0.7122581
97,vol_regime,0.47376308,-0.23332715,0.8116554,0.7303302
98,vol_regime,0.18280745,-0.7127037,0.4902208,0.66843414
99,vol_regime,-0.8186194,-0.6822386,-0.58775634,-0.9927931
100,vol_regime,-0.41880012,0.43011546,-0.2530489,-0.99445
101,vol_regime,-0.5340752,0.40153182,-0.7811144,-0.9966237
102,vol_regime,-0.51120204,0.3501612,-0.5921395,-0.99564505
103,vol_regime,-0.3919644,0.58392143,-0.9538406,-0.75274545
104,vol_regime,-0.4836654,0.49201798,-0.9386792,-0.88706994
105,vol_regime,-0.524892,0.3215654,-0.90976626,-0.8788167
106,vol_regime,-0.53613645,0.5145352,-0.97397566,-0.9914037
107,vol_regime,-0.45380977,0.73155844,-0.9584042,-0.96319294
108,vol_regime,-0.3897487,0.8597578,-0.75464165,-0.9934954
109,vol_regime,-0.3368676,0.8008187,-0.40068972,-0.99395055
110,vol_regime,-0.6109389,0.00914228,-0.57281417,-0.99823755
111,vol_regime,-0.6666464,-0.07478809,-0.7266092,-0.99777627
112,vol_regime,-0.7155738,-0.33367252,-0.5804774,-0.9987531
113,vol_regime,-0.75806344,-0.5871978,-0.44436967,-0.9860603
114,vol_regime,-0.26375896,0.78592205,-0.25360084,-0.8976308
115,vol_regime,-0.34132594,0.6104119,-0.41835356,-0.8815576
116,vol_regime,-0.3530045,0.5565324,-0.42959,-0.8680924
117,vol_regime,-0.652685,-0.17865902,-0.5890805,-0.96254236
118,vol_regime,-0.30632332,0.79848266,-0.7908161,-0.77540976
119,vol_regime,-0.27737054,0.5892658,-0.90712297,-0.5454514
120,vol_regime,-0.5810134,-0.10124999,-0.6354284,-0.84710544
121,vol_regime,-0.6937431,-0.58542854,-0.5011905,-0.8357529
122,vol_regime,-0.68819225,-0.7553313,0.17886066,-0.99473006
123,vol_regime,-0.9322721,-0.99024135,-0.7283748,-0.9790494
124,vol_regime,-0.8192731,-0.99575424,-0.34096444,-0.9047079
125,vol_regime,-0.91013545,-0.9772135,-0.9151497,-0.86788297
126,vol_regime,-0.81445384,-0.886566,-0.56611913,-0.8705205
127,vol_regime,-0.6585603,-0.5268932,-0.012974799,-0.99579465
128,vol_regime,-0.857212,-0.7328827,-0.7220347,-0.9858805
129,vol_regime,-0.6907495,-0.6593516,-0.0012506247,-0.98538786
130,vol_regime,-0.7762725,-0.68473744,-0.4724568,-0.95271975
131,vol_regime,-0.8318052,-0.6856542,-0.77917033,-0.94054985
132,vol_regime,-0.9560655,-0.94434786,-0.8894236,-0.9897528
133,vol_regime,-0.9776791,-0.97012013,-0.9483779,-0.9939349
134,vol_regime,-0.92872536,-0.99710196,-0.6747077,-0.9893065
135,vol_regime,-0.9348546,-0.9992598,-0.69041365,-0.99398786
136,vol_regime,-0.61690456,-0.98731536,0.20594943,-0.72379965
137,vol_regime,-0.5762267,-0.9915969,0.32238424,-0.68644905
138,vol_regime,-0.47158927,-0.86906594,0.602824,-0.66286856
139,vol_regime,-0.48411533,-0.82513654,0.58591104,-0.70751315
140,vol_regime,-0.23547086,-0.5772328,0.59563255,-0.36285508
141,vol_regime,-0.28493917,-0.19954962,0.2345407,-0.54396486
142,vol_regime,-0.028038466,0.6945698,0.050848484,-0.49315822
143,vol_regime,-0.40160012,-0.7028595,0.20874417,-0.4649822
144,vol_regime,-0.19018105,-0.98690766,0.5017973,0.011063576
145,vol_regime,-0.27262098,-0.96117103,0.5891619,-0.20420408
146,vol_regime,0.07667012,-0.73256725,0.8065405,0.2702644
147,vol_regime,0.33853835,-0.87275034,0.9849665,0.8067403
148,vol_regime,0.20333807,-0.5507958,0.858443,0.39377642
149,vol_regime,0.23759164,-0.07217765,0.85546947,0.17630208
150,vol_regime,-0.3378325,-0.78597665,0.48340046,-0.39743924
151,vol_regime,-0.15040204,-0.4764123,0.55406857,-0.23658413
152,vol_regime,-0.27468735,-0.90826184,0.56459236,-0.23025453
153,vol_regime,-0.14051984,-0.96102315,0.80806303,-0.027651012
154,vol_regime,0.0021054924,-0.9259966,0.89106464,0.20338309
155,vol_regime,-0.026913662,-0.8125871,0.57812285,0.20247579
156,vol_regime,0.536345,-0.037151515,0.93453145,0.7211683
157,vol_regime,0.24405335,-0.97361535,0.96311843,0.6870285
158,vol_regime,0.13378796,-0.8790016,0.8800001,0.44297683
159,vol_regime,0.025704611,-0.74106705,0.8662505,0.14954925
160,vol_regime,0.20484516,-0.60214555,0.90723014,0.40808558
161,vol_regime,-7.630586e-05,-0.68714106,0.8404505,0.075951815
162,vol_regime,-0.20896702,-0.11769062,-0.07862699,-0.31586885
163,vol_regime,-0.26281732,-0.3143406,-0.3654399,-0.19085431
164,vol_regime,-0.10732453,-0.3959236,0.1530863,-0.038329422
165,vol_regime,0.14377925,-0.16366059,0.032042623,0.3729378
166,vol_regime,0.42599195,0.77144504,-0.660246,0.6532153
167,vol_regime,-0.34954548,-0.25238025,-0.9935252,-0.1502527
168,vol_regime,-0.51065785,-0.37606114,-0.9831861,-0.40240455
169,vol_regime,-0.4256178,-0.38534504,-0.5434918,-0.40263188
170,vol_regime,-0.58834237,-0.33642417,-0.9444044,-0.5970684
171,vol_regime,-0.6977929,-0.6274033,-0.9048569,-0.657201
172,vol_regime,-0.8231079,-0.6632992,-0.9595631,-0.86441106
173,vol_regime,-0.87446946,-0.93653315,-0.9874899,-0.79202306
174,vol_regime,-0.8423161,-0.82008797,-0.9972131,-0.79369414
175,vol_regime,-0.36970657,-0.6741185,-0.98170763,0.057741046
176,vol_regime,-0.47841573,0.6146741,-0.9092456,-0.99706566
177,vol_regime,-0.17262405,0.6769352,0.44469714,-0.9292881
178,vol_regime,0.030676257,0.8491709,0.6601608,-0.71221435
179,vol_regime,-0.31325236,0.32888794,0.18790126,-0.89899796
180,vol_regime,-0.3892694,0.53552616,-0.25049746,-0.99965554
181,vol_regime,-0.60098845,0.014919162,-0.5273947,-0.99997056
182,vol_regime,-0.84872884,-0.639291,-0.7848733,-0.9999337
183,vol_regime,-0.4059278,0.76568925,-0.67831314,-0.9999439
184,vol_regime,-0.54022086,0.035098672,-0.25396895,-0.9999134
185,vol_regime,-0.8440733,-0.9214379,-0.33861208,-0.999839
186,vol_regime,-0.8020862,-0.88337356,-0.18739855,-0.9991888
187,vol_regime,-0.4891205,-0.07710558,0.16713023,-0.9988298
188,vol_regime,-0.8416942,-0.94093835,-0.29789227,-0.9996685
189,vol_regime,-0.9093951,-0.9496167,-0.62265134,-0.99995965
0,hmm,-0.15510446,-0.841674,-0.060240507,-0.63650566
1,hmm,-0.8102765,-0.8938313,-0.7536465,-0.9982377
2,hmm,-0.35289776,-0.492198,-0.3124405,-0.98663557
3,hmm,0.4885048,-0.93793565,0.49222445,-0.6250406
4,hmm,-0.3284555,-0.9991404,-0.32782668,-0.9062951
5,hmm,-0.61339664,-0.99627686,-0.6131496,-0.99041134
6,hmm,0.2888885,-0.98494244,0.2897451,-0.931735
7,hmm,0.041254822,-0.98701495,0.04221368,-0.9174043
8,hmm,-0.52585155,-0.9998999,-0.5253592,-0.9958605
9,hmm,-0.8480311,-0.99856204,-0.8478604,-0.9955493
10,hmm,-0.5182017,-0.8079846,-0.5173993,-0.9674278
11,hmm,-0.9446854,-0.6751309,-0.9461797,-0.97839445
12,hmm,-0.95670986,-0.8298188,-0.95831597,-0.98092145
13,hmm,-0.44002968,-0.595427,-0.43919933,-0.9509997
14,hmm,0.09917475,-0.9244014,0.10254443,-0.9263599
15,hmm,-0.26871023,-0.9021926,-0.2672429,-0.9904742
16,hmm,-0.9851031,-0.18700206,-0.98465806,-0.99358636
17,hmm,-0.95479906,0.2345351,-0.95477617,-0.9646187
18,hmm,-0.9179995,0.6299782,-0.9109776,-0.99932784
19,hmm,-0.87454116,0.73421633,-0.8732021,-0.99860996
20,hmm,-0.78301907,0.5400803,-0.7783096,-0.9977537
21,hmm,-0.9882967,0.74681616,-0.8219983,-0.9978696
22,hmm,-0.98720163,0.86908484,-0.70580816,-0.99664855
23,hmm,-0.9792322,0.82392025,-0.28321707,-0.99618167
24,hmm,-0.97086257,0.8336437,0.54513896,-0.9709565
25,hmm,-0.99856454,0.8884585,-0.83020306,-0.99856454
26,hmm,-0.99693626,0.5169301,-0.6036105,-0.9969366
27,hmm,-0.99995106,0.18375134,-0.85467684,-0.99995106
28,hmm,-0.99964356,0.33647454,-0.8756024,-0.9996436
29,hmm,-0.9999418,-0.14147103,-0.9624354,-0.9999418
30,hmm,-0.99996996,-0.8615835,-0.8704954,-0.9999701
31,hmm,-0.99901396,-0.536636,-0.8947286,-0.99901396
32,hmm,-0.99843353,-0.5140672,-0.8070942,-0.99843353
33,hmm,-0.9956094,-0.30426192,-0.6260157,-0.99560946
34,hmm,-0.99995524,-0.45494246,-0.6195307,-0.99995524
35,hmm,-0.9997043,-0.48056138,-0.5594584,-0.9997043
36,hmm,-0.9990056,0.039550066,-0.8911642,-0.9990056
37,hmm,-0.9937583,-0.43038118,-0.8538352,-0.9937583
38,hmm,-0.9920577,0.43121302,-0.7205967,-0.9920577
39,hmm,-0.9741747,0.43404126,-0.22070223,-0.9741747
40,hmm,-0.97245115,0.38437593,0.2756009,-0.9724512
41,hmm,-0.14814422,0.45398283,0.67386246,-0.1481446
42,hmm,-0.4131868,0.5909126,0.44493854,-0.4131869
43,hmm,-0.92173815,0.75880265,0.3954873,-0.9217384
44,hmm,-0.8595978,-0.8258092,0.444888,-0.8596169
45,hmm,-0.6196933,-0.5788917,0.08310902,-0.6199467
46,hmm,-0.6039186,-0.4130004,-0.56277925,-0.6039706
47,hmm,0.3853362,-0.702385,-0.1517942,0.38973665
48,hmm,0.08460204,-0.8918355,-0.95151865,0.08784306
49,hmm,-0.49862456,-0.91225404,-0.99483496,-0.49858958
50,hmm,-0.99938464,-0.662711,-0.98200625,-0.99938464
51,hmm,-0.999995,-0.9938912,-0.9980502,-0.999995
52,hmm,-0.99999803,-0.9996318,-0.99963987,-0.99999803
53,hmm,-0.9999987,-0.9956812,-0.99911857,-0.9999987
54,hmm,-0.9999998,-0.9982818,-0.9996907,-0.9999998
55,hmm,-0.99999845,-0.9963401,-0.9979697,-0.99999875
56,hmm,-0.9999959,-0.98974884,-0.96514046,-0.99999607
57,hmm,-0.9999943,-0.9825072,-0.9690256,-0.99999714
58,hmm,-0.9999904,-0.9724052,-0.9619647,-0.99999416
59,hmm,-0.99999255,-0.9667353,0.16237473,-0.999993
60,hmm,-0.99975914,-0.99350893,0.038737297,-0.9997653
61,hmm,-0.99968,-0.989617,-0.8111168,-0.99968046
62,hmm,-0.99968386,-0.9885004,-0.7858159,-0.9996899
63,hmm,-0.99986255,-0.98688704,-0.8801826,-0.99986356
64,hmm,-0.9993899,-0.9931843,-0.91534257,-0.9993936
65,hmm,-0.9990094,-0.9958197,-0.900391,-0.9990124
66,hmm,-0.9993578,-0.9878977,-0.88837755,-0.9993631
67,hmm,-0.99918175,-0.99436355,-0.7916799,-0.99918896
68,hmm,-0.9987828,-0.9992619,-0.4734831,-0.99879766
69,hmm,-0.9997302,-0.9875971,-0.7681943,-0.9997525
70,hmm,-0.98870116,-0.3511777,-0.893259,-0.9889442
71,hmm,-0.98912865,-0.99198896,-0.90826523,-0.9936848
72,hmm,-0.9913236,-0.99633706,-0.9569177,-0.9984616
73,hmm,-0.9622257,-0.9659273,-0.59516686,-0.98892224
74,hmm,-0.66659874,-0.99952805,-0.20491439,-0.88440096
75,hmm,-0.2587396,-0.7765952,0.46512103,-0.37494636
76,hmm,0.38478678,-0.87155527,0.7973877,-0.06352335
77,hmm,0.8122629,-0.9060233,0.8706181,0.42331314
78,hmm,0.5374464,-0.9344654,0.5503659,0.19718862
79,hmm,0.18426444,-0.8876197,0.18416262,0.24774265
80,hmm,-0.01021254,-0.90565914,-0.0099387765,-0.28797448
81,hmm,0.7028901,-0.87141585,0.7037802,-0.17608261
82,hmm,0.8435086,-0.730055,0.8439894,0.24460137
83,hmm,0.8944052,-0.8977927,0.8946061,0.72295713
84,hmm,0.8694153,-0.9655434,0.86973333,0.5249219
85,hmm,0.769227,-0.9605882,0.7704158,-0.042088926
86,hmm,0.6851504,-0.45134526,0.6860955,-0.10823631
87,hmm,0.7435631,-0.7711858,0.7441697,-0.08815241
88,hmm,0.6840864,-0.64307517,0.6847193,-0.34007156
89,hmm,0.6871927,-0.7114875,0.6875732,0.056055784
90,hmm,0.7695305,-0.45360547,0.76988804,0.18011165
91,hmm,0.69405913,0.67334914,0.69445205,0.41594934
92,hmm,0.8071481,0.104575634,0.8073175,0.54783356
93,hmm,0.8967014,-0.2757951,0.89705443,0.6394503
94,hmm,0.9748169,-0.9398548,0.9763124,0.6221247
95,hmm,0.95234627,-0.3089726,0.97382617,0.78103614
96,hmm,0.8646899,-0.15752614,0.874985,0.6938081
97,hmm,0.8183084,-0.42983878,0.8344238,0.72469366
98,hmm,0.5893181,-0.82243204,0.5931685,0.60752296
99,hmm,-0.5443169,-0.80519885,-0.54283965,-0.985465
100,hmm,-0.5280566,0.27722013,-0.52786046,-0.9837038
101,hmm,-0.8198497,0.5127667,-0.820502,-0.9894306
102,hmm,-0.61446863,0.35958374,-0.6146645,-0.97541
103,hmm,-0.90040165,0.6244906,-0.97034055,-0.7103686
104,hmm,-0.934288,0.7207391,-0.9453239,-0.7880183
105,hmm,-0.8998752,0.3954928,-0.9005985,-0.8674195
106,hmm,-0.9828909,-0.25234234,-0.9828895,-0.98330086
107,hmm,-0.96098447,0.41988492,-0.96102256,-0.936801
108,hmm,-0.7641233,0.69913197,-0.7634802,-0.96525764
109,hmm,-0.33127567,0.7994193,-0.32992327,-0.98151875
110,hmm,-0.6864802,0.068407655,-0.68508613,-0.99683464
111,hmm,-0.7784882,0.13286126,-0.77813643,-0.9945927
112,hmm,-0.61720884,-0.07471228,-0.61611444,-0.9974155
113,hmm,-0.55820143,-0.5683071,-0.5574833,-0.9749579
114,hmm,-0.85528207,0.70691085,-0.43170762,-0.85535145
115,hmm,-0.5939663,0.8009622,-0.31271034,-0.5945823
116,hmm,-0.66028714,0.6238425,-0.464702,-0.66055995
117,hmm,-0.8844429,-0.18271798,-0.62413186,-0.8848947
118,hmm,-0.59985447,0.73041975,-0.81932956,-0.5994421
119,hmm,-0.4119862,0.5154754,-0.91782683,-0.41130102
120,hmm,-0.6787283,-0.13049328,-0.6786484,-0.6787283
121,hmm,-0.68567693,-0.66244155,-0.56749034,-0.6858542
122,hmm,-0.98584586,-0.85296386,0.18887043,-0.9862851
123,hmm,-0.9568597,-0.9964996,-0.8361296,-0.95849884
124,hmm,-0.8286213,-0.9970095,-0.3800285,-0.84953225
125,hmm,-0.8423867,-0.97843087,-0.9393613,-0.84158957
126,hmm,-0.81131023,-0.8903879,-0.64273095,-0.8114052
127,hmm,-0.99109757,-0.60740465,-0.056586206,-0.99127847
128,hmm,-0.97560424,-0.61838347,-0.79252976,-0.9756055
129,hmm,-0.96024734,-0.66969657,-0.020525038,-0.9602474
130,hmm,-0.8774055,-0.61510813,-0.41779035,-0.87740576
131,hmm,-0.8849202,-0.54802346,-0.73487526,-0.8849202
132,hmm,-0.9801146,-0.92597973,-0.8578038,-0.9801146
133,hmm,-0.9889626,-0.96623766,-0.9317434,-0.98896265
134,hmm,-0.9767741,-0.997135,-0.59370774,-0.9772019
135,hmm,-0.9845574,-0.99930364,-0.603935,-0.9849702
136,hmm,-0.52288914,-0.9900501,0.16853797,-0.52289057
137,hmm,-0.64520276,-0.99271816,0.3128059,-0.6452033
138,hmm,-0.5618858,-0.8842888,0.57745004,-0.56188637
139,hmm,-0.63820213,-0.86399376,0.6295346,-0.63820285
140,hmm,-0.2558491,-0.68776,0.6378789,-0.2558505
141,hmm,-0.45362434,-0.19942147,0.27396703,-0.45362556
142,hmm,-0.3938784,0.6504619,0.17423773,-0.39387858
143,hmm,-0.2570195,-0.7240761,0.35338235,-0.2570204
144,hmm,0.034930922,-0.9835937,0.5860249,0.03492987
145,hmm,-0.007157686,-0.9441537,0.6330054,-0.007160485
146,hmm,0.16346997,-0.61788666,0.78070784,0.1634394
147,hmm,0.8537414,-0.81804776,0.98536885,0.85373855
148,hmm,0.5937125,-0.30350983,0.8288648,0.5936451
149,hmm,0.13686381,-0.089943886,0.8305316,0.13439417
150,hmm,-0.46631426,-0.7688681,0.4172356,-0.46641636
151,hmm,-0.3342668,-0.38750732,0.5089363,-0.335321
152,hmm,-0.23609492,-0.87979376,0.5743542,-0.25238228
153,hmm,0.062391415,-0.9587773,0.7995231,0.036008358
154,hmm,0.4862082,-0.90337604,0.878013,0.46284997
155,hmm,0.5806907,-0.8624268,0.37789166,0.5807526
156,hmm,0.8653358,0.005349517,0.937978,0.86533546
157,hmm,0.8187655,-0.9741852,0.96670127,0.8185761
158,hmm,0.6032272,-0.94355404,0.8990402,0.60300326
159,hmm,0.420634,-0.9037541,0.88855934,0.41987658
160,hmm,0.5141157,-0.7589562,0.915704,0.51345706
161,hmm,0.21716176,-0.8152182,0.8456358,0.21585989
162,hmm,-0.2044547,0.14530003,0.11318958,-0.20886493
163,hmm,-0.25063705,-0.27016628,-0.32856774,-0.2489649
164,hmm,-0.08315044,-0.32559878,0.18174326,-0.08949214
165,hmm,0.35163403,-0.113945186,0.07207763,0.36044443
166,hmm,0.66535395,0.86829627,-0.6129499,0.71416414
167,hmm,0.033406768,0.0318861,-0.99484104,0.052487493
168,hmm,-0.2827386,-0.34504294,-0.9885752,-0.23083031
169,hmm,-0.27869228,-0.1359942,-0.3552593,-0.2776289
170,hmm,-0.5816889,-0.19820201,-0.94981426,-0.5695337
171,hmm,-0.7279197,-0.5987844,-0.90430623,-0.71098435
172,hmm,-0.9145121,-0.6578706,-0.961263,-0.91369426
173,hmm,-0.8698326,-0.9446258,-0.99065346,-0.868587
174,hmm,-0.84829074,-0.8197919,-0.99745667,-0.84337205
175,hmm,-0.34531182,-0.64802086,-0.98486835,-0.1799767
176,hmm,-0.91629964,0.6036087,-0.90146255,-0.996339
177,hmm,0.43985355,0.65372586,0.46849167,-0.9841918
178,hmm,0.5089833,0.7576697,0.5089873,0.44463348
179,hmm,-0.09476865,0.25344253,-0.09471768,-0.31039226
180,hmm,-0.18572098,0.42282057,-0.17097217,-0.9995582
181,hmm,-0.47483438,-0.17082095,-0.47248292,-0.999959
182,hmm,-0.76114225,-0.7168528,-0.76076686,-0.999917
183,hmm,-0.6478751,0.71435857,-0.6475266,-0.99995583
184,hmm,-0.1460006,0.32677448,-0.14362258,-0.9998956
185,hmm,-0.24310862,-0.95311093,-0.23982,-0.99964964
186,hmm,-0.111002006,-0.9319406,-0.109184384,-0.99908984
187,hmm,0.20053312,-0.45816267,0.20188856,-0.9976216
188,hmm,-0.2911018,-0.97438914,-0.28869003,-0.9974651
189,hmm,-0.53548837,-0.9879089,-0.5350293,-0.9999405
