step,allocator,blended_action,aggressive_action,balanced_action,conservative_action
0,meta_rl,-0.1566688,-0.09390795,-0.19205129,0.954299
1,meta_rl,-0.38023838,-0.063765705,-0.413341,0.31196213
2,meta_rl,-0.2633937,0.12619674,-0.3208002,0.91678286
3,meta_rl,-0.8948433,-0.18276381,-0.97224194,0.92198455
4,meta_rl,-0.7836499,0.11579299,-0.8935078,0.99785995
5,meta_rl,-0.45682517,-0.10050058,-0.5133337,0.97389126
6,meta_rl,-0.87193877,-0.46032345,-0.9464148,-0.37409747
7,meta_rl,-0.84819937,-0.055218697,-0.93505955,0.20710075
8,meta_rl,0.8533159,-0.6254736,0.9590883,0.64872336
9,meta_rl,-0.11531123,-0.05718714,0.5282266,-0.9557855
10,meta_rl,-0.84127694,-0.67710674,0.8729211,-0.9817744
11,meta_rl,-0.6461451,-0.7250253,0.9907634,-0.6628043
12,meta_rl,0.7128663,-0.73566943,0.933619,0.6365988
13,meta_rl,0.49283952,-0.059414685,0.5271666,0.59251654
14,meta_rl,0.68531966,0.22992301,0.69974744,0.97786546
15,meta_rl,0.3931925,0.16329217,0.40117502,0.6011267
16,meta_rl,-0.2935318,0.3175124,-0.3547486,-0.17074174
17,meta_rl,0.9179791,0.3748486,0.9618504,0.27464128
18,meta_rl,0.6103596,0.20233536,0.6406344,0.726874
19,meta_rl,0.38994125,0.25198376,0.38637006,0.6060536
20,meta_rl,-0.1161215,0.2444328,0.33879924,-0.8322505
21,meta_rl,-0.63208145,-0.31121325,0.46439874,-0.81210095
22,meta_rl,-0.73056376,-0.8402369,0.87231016,-0.732532
23,meta_rl,0.44580814,-0.7422035,0.99591815,0.36772513
24,meta_rl,0.9704171,0.39249754,0.99755704,0.9925841
25,meta_rl,0.94694984,0.48947096,0.98663306,0.9293611
26,meta_rl,0.9255174,0.5002091,0.9633329,0.9033203
27,meta_rl,0.9569161,0.6469364,0.984143,0.9911256
28,meta_rl,0.79775465,0.75340676,0.74278545,0.99576926
29,meta_rl,0.9742889,0.9491255,0.975255,0.9899988
30,meta_rl,0.88774526,0.97296715,0.885056,0.8348365
31,meta_rl,-0.24780227,-0.44060713,-0.23169863,-0.36573243
32,meta_rl,0.33551577,-0.48555827,0.43745863,0.08941555
33,meta_rl,-0.67816764,-0.72525805,-0.6947989,0.115603805
34,meta_rl,-0.6061058,0.34513187,-0.8021345,-0.42057723
35,meta_rl,-0.856138,0.16342413,-0.92646927,-0.21976477
36,meta_rl,-0.2944318,0.91728115,-0.68555284,-0.13121212
37,meta_rl,-0.10582467,0.6980941,-0.15614724,0.032857776
38,meta_rl,0.721166,0.73666143,0.722172,0.68463755
39,meta_rl,0.69569355,0.30457175,0.7084565,0.97398674
40,meta_rl,0.7329731,0.48245525,0.7429582,0.8834547
41,meta_rl,0.3235461,-0.30399996,0.340899,0.8066726
42,meta_rl,-0.6327831,-0.84887236,-0.6599441,0.96514595
43,meta_rl,-0.80113393,-0.79855794,-0.83788645,0.38126385
44,meta_rl,0.34839332,0.15053797,0.7573633,-0.089285254
45,meta_rl,0.793635,0.37861037,0.8340423,0.28516066
46,meta_rl,0.9140587,0.49649394,0.9548485,0.77244806
47,meta_rl,0.93197626,0.59615886,0.9840182,0.73273194
48,meta_rl,0.9314793,0.5467782,0.9799509,0.78129673
49,meta_rl,0.53840303,0.39783692,0.5857172,0.36664224
50,meta_rl,0.30402318,0.5584388,0.22179937,0.37612665
51,meta_rl,0.5748492,0.51887596,0.5644374,0.8157942
52,meta_rl,0.5965959,0.47347724,0.5964272,0.7335141
53,meta_rl,0.55697507,0.48125505,0.5272279,0.9030709
54,meta_rl,0.8506473,-0.20804179,0.89333355,0.99800014
55,meta_rl,0.5907732,-0.24240863,0.62077546,0.9979913
56,meta_rl,0.25521556,-0.1925515,0.25455105,0.9959736
57,meta_rl,-0.7989829,-0.5778014,-0.8458844,0.88174355
58,meta_rl,0.7731181,0.20612025,0.78351736,0.99547076
59,meta_rl,0.9660432,0.8944763,0.97142935,0.9817426
60,meta_rl,0.7682239,0.6936128,0.764122,0.85318923
61,meta_rl,-0.406191,-0.068790615,-0.5449675,0.7164831
62,meta_rl,-0.9160977,-0.08084071,-0.9951006,-0.48021692
63,meta_rl,-0.7073041,0.22430468,-0.8020963,0.9449936
64,meta_rl,-0.93061656,-0.3145604,-0.8954094,-0.973515
65,meta_rl,-0.7582695,-0.3367502,0.7000922,-0.94980663
66,meta_rl,-0.8810928,-0.3471279,-0.76032436,-0.9954568
67,meta_rl,-0.94386005,-0.5214104,-0.9187116,-0.98452514
68,meta_rl,-0.915625,-0.03888303,-0.9750762,-0.92438644
69,meta_rl,-0.88806605,-0.05510652,-0.97432995,-0.8920983
70,meta_rl,-0.456521,0.49892306,-0.45955634,-0.5864573
71,meta_rl,0.6285266,0.56693244,0.63558006,0.48298526
72,meta_rl,0.6609352,0.08253276,0.7064345,0.3053602
73,meta_rl,0.7306085,-0.008477807,0.83728266,-0.30885792
74,meta_rl,0.7771679,0.8826393,0.7462983,0.8914089
75,meta_rl,0.8598428,0.937477,0.8375275,0.9409187
76,meta_rl,0.9712239,0.86527395,0.98958063,0.90858746
77,meta_rl,0.9266673,-0.09060538,0.9779315,0.90999246
78,meta_rl,0.9381312,0.15502012,0.9833782,0.8787105
79,meta_rl,0.84788996,-0.4383124,0.9036149,0.9537468
80,meta_rl,-0.3294154,-0.8448559,-0.3272786,0.45761275
81,meta_rl,-0.40425545,-0.9290585,-0.3935902,0.121441126
82,meta_rl,0.85095423,0.29808044,0.864095,0.9937446
83,meta_rl,0.5531537,0.50416756,-0.035758197,0.9880481
84,meta_rl,0.4661255,0.62790585,0.35403907,0.8849331
85,meta_rl,0.5824846,0.58421373,0.5575981,0.91565895
86,meta_rl,0.13183276,0.26381922,0.06007135,0.4646268
87,meta_rl,-0.4001822,0.08328009,-0.40894735,-0.4463035
88,meta_rl,-0.49944422,0.02357483,-0.7013748,-0.54062915
89,meta_rl,-0.26062378,-0.31981933,0.6172426,-0.25245762
90,meta_rl,-0.08344795,0.17636943,-0.6971738,0.014753342
91,meta_rl,0.14224158,0.20767486,0.4027946,0.04866886
92,meta_rl,0.2810716,0.30439997,0.52869165,0.19866121
93,meta_rl,0.21134542,0.224486,0.50310683,0.13238943
94,meta_rl,0.73793316,0.26275015,0.8618612,0.8366976
95,meta_rl,0.84260285,0.30209053,0.90038097,0.95876
96,meta_rl,0.86652964,0.44538057,0.9592309,0.9389092
97,meta_rl,0.8736438,0.54556227,0.8075123,0.9811473
98,meta_rl,0.8493916,0.8723366,0.8825662,0.83263683
99,meta_rl,0.8549518,0.64513505,0.9245554,0.88162875
100,meta_rl,0.963216,0.99309826,0.97421193,0.955521
101,meta_rl,0.7377948,0.76832724,0.8351847,0.6920823
102,meta_rl,-0.8555469,-0.4955492,-0.3118171,-0.97258675
103,meta_rl,0.1952912,0.057783127,0.041542053,0.32217467
104,meta_rl,-0.86073405,-0.8903544,0.038033843,-0.87222236
105,meta_rl,-0.5526243,-0.9385871,-0.3185444,-0.30589628
106,meta_rl,0.37094492,0.95366716,0.056413412,0.35593092
107,meta_rl,0.44717082,0.35077488,0.48313522,0.46135843
108,meta_rl,0.64935786,-0.1046139,0.8351606,0.71595156
109,meta_rl,0.68174785,0.25081706,-0.47193998,0.86332464
110,meta_rl,0.67997825,0.67046547,0.38460827,0.93554807
111,meta_rl,0.42852232,0.34022057,-0.23571384,0.82828116
112,meta_rl,-0.38166907,-0.10521114,-0.43751508,0.38383198
113,meta_rl,-0.22549108,0.3898617,-0.33017278,0.95038795
114,meta_rl,-0.5746376,0.20965064,-0.6696165,0.79810417
115,meta_rl,-0.5780962,0.6107614,-0.82977015,0.8756584
116,meta_rl,-0.5893391,0.738039,-0.89908004,0.5995177
117,meta_rl,-0.7178373,0.6052393,-0.919395,0.71712804
118,meta_rl,-0.67610455,0.5543232,-0.8339916,0.5437839
119,meta_rl,-0.6723167,0.2835045,-0.75877476,0.2580347
120,meta_rl,-0.61170137,0.63936126,-0.80047786,0.8040998
121,meta_rl,-0.43904608,0.7374259,-0.6560122,0.9620433
122,meta_rl,0.07528656,0.52344036,0.045556307,0.21107495
123,meta_rl,0.076928295,0.6550889,0.039280653,0.09845984
124,meta_rl,-0.7454481,-0.26221716,-0.7773607,-0.2975912
125,meta_rl,-0.07545339,0.45216358,-0.12442154,0.228688
126,meta_rl,-3.0582123e-05,0.34601343,-0.01703763,-0.0058808327
127,meta_rl,-0.49058938,0.15069818,-0.52184165,-0.5028554
128,meta_rl,-0.29905432,0.06807709,-0.34463334,0.830621
129,meta_rl,-0.550352,0.18039012,-0.6267322,0.7850785
130,meta_rl,-0.9218973,-0.17733014,-0.98212665,0.4004097
131,meta_rl,-0.6370842,0.08750391,-0.7043134,0.49751687
132,meta_rl,-0.7597299,0.34607267,-0.89804566,0.8925679
133,meta_rl,-0.60068077,0.6728773,-0.89740884,0.98471105
134,meta_rl,-0.0508325,0.5033821,-0.121604085,0.99146426
135,meta_rl,-0.33688372,0.58096457,-0.7905753,0.9314941
136,meta_rl,-0.40961617,0.5207579,-0.54202014,0.9406434
137,meta_rl,-0.2986004,0.50274014,-0.4023804,0.7566271
138,meta_rl,0.21126433,0.4773711,0.1737417,0.74532413
139,meta_rl,0.86878985,0.7575376,0.87541866,0.83560634
140,meta_rl,0.6875997,0.89356613,0.42154193,0.789979
141,meta_rl,0.72249794,0.7759509,0.7206497,0.67283034
142,meta_rl,0.7868443,0.6099708,0.8057482,0.7313955
143,meta_rl,-0.4572302,0.32798505,-0.6588549,0.17193842
144,meta_rl,-0.89743143,-0.30239958,-0.948082,0.19502473
145,meta_rl,-0.91637135,-0.8372565,-0.977635,0.05461812
146,meta_rl,-0.89186126,-0.95520294,-0.6824801,-0.89641607
147,meta_rl,-0.9697154,-0.9647047,-0.8711676,-0.99411666
148,meta_rl,-0.9477308,-0.8983087,-0.76596826,-0.9780536
149,meta_rl,-0.966802,-0.94481725,-0.78716177,-0.996824
150,meta_rl,-0.8249813,-0.89288294,-0.9335581,-0.7643208
151,meta_rl,-0.9581916,-0.92754763,-0.8624694,-0.9798619
152,meta_rl,-0.49554303,-0.6980206,-0.5625966,-0.23128897
153,meta_rl,-0.8903895,-0.3957669,-0.56799644,-0.97779363
154,meta_rl,0.86502814,0.9771297,0.8390125,0.9719124
155,meta_rl,0.97165614,0.92337465,0.90171707,0.98951674
156,meta_rl,0.9542132,0.92246103,0.9181428,0.97386265
157,meta_rl,0.9668046,0.91452074,0.9634055,0.97911215
158,meta_rl,0.9531946,0.8997797,0.94771934,0.96609855
159,meta_rl,0.8691368,0.67862177,0.9618305,0.872622
160,meta_rl,0.75392777,0.78348815,0.90288067,0.6969328
161,meta_rl,0.79704404,0.7924936,0.81686616,0.7909361
162,meta_rl,0.8043875,0.8071399,0.8654754,0.7804884
163,meta_rl,0.81953233,0.790321,0.8689797,0.8085315
164,meta_rl,0.27594042,0.6241245,0.6877892,-0.046581507
165,meta_rl,0.72835314,0.7223878,0.5225209,0.82880294
166,meta_rl,0.94588685,0.9582174,0.8745743,0.9668274
167,meta_rl,0.9641568,0.9744921,0.926249,0.97213256
168,meta_rl,0.9391861,0.980423,0.9918463,0.90834093
169,meta_rl,0.90980643,0.937238,0.98890185,0.8714186
170,meta_rl,0.9342497,0.9699292,0.98798966,0.9023359
171,meta_rl,0.9011182,0.9223193,0.9913876,0.85464025
172,meta_rl,0.9377744,0.96488595,0.9787142,0.91633654
173,meta_rl,0.8733829,0.9387121,0.965124,0.81659317
174,meta_rl,-0.72267056,-0.5256416,-0.82239574,0.6842108
175,meta_rl,0.3129193,0.0056414604,0.31158412,0.72692347
176,meta_rl,0.74373776,0.09954035,0.76613295,0.9425287
177,meta_rl,-0.17096211,0.07268548,-0.4586116,0.91632247
178,meta_rl,0.4313161,-0.10739517,0.45096266,0.56632733
179,meta_rl,-0.6406959,-0.1146251,-0.75171953,0.8907672
180,meta_rl,-0.90177715,-0.5028718,-0.9568197,0.8249593
181,meta_rl,-0.93505836,-0.6323117,-0.9934312,0.29916048
182,meta_rl,-0.9242868,-0.39000738,-0.9888915,0.86724555
183,meta_rl,-0.3704572,-0.9749262,-0.9880219,0.8289381
184,meta_rl,-0.75663805,-0.48057246,-0.9646184,0.74794436
185,meta_rl,0.06517095,-0.7052721,-0.05153346,0.8233199
186,meta_rl,0.7823914,0.45503962,0.7914882,0.9351685
187,meta_rl,0.6845863,0.89320946,-0.36270994,0.7187488
188,meta_rl,0.44377288,0.93145084,-0.2895782,0.50448513
189,meta_rl,0.23402254,0.872998,-0.7059351,0.58456326
0,equal_weight,0.22277991,-0.09390795,-0.19205129,0.954299
1,equal_weight,0.037870903,-0.09742433,-0.31789982,0.52893686
2,equal_weight,0.108412445,0.1350435,-0.68974096,0.8799348
3,equal_weight,-0.087881885,-0.2409814,-0.93439513,0.9117309
4,equal_weight,-0.07690599,-0.21799397,-0.9914933,0.9787693
5,equal_weight,-0.1520974,-0.39924794,-0.9139215,0.8568772
6,equal_weight,-0.76591235,-0.51630306,-0.9624205,-0.8190135
7,equal_weight,-0.3343799,-0.1756255,-0.9334522,0.10593796
8,equal_weight,0.116737746,-0.6621495,0.9393964,0.07296634
9,equal_weight,-0.078462504,-0.20380813,0.91875935,-0.9503387
10,equal_weight,-0.25768968,-0.65480936,0.86570454,-0.9839642
11,equal_weight,-0.27146748,-0.80841494,0.96534467,-0.9713322
12,equal_weight,0.29792714,-0.6873853,0.8303087,0.75085807
13,equal_weight,0.5303665,0.06581271,0.7083862,0.8169005
14,equal_weight,0.63802785,0.24093652,0.69828963,0.97485733
15,equal_weight,0.4056088,0.15044141,0.42196643,0.6444186
16,equal_weight,-0.0722483,0.31647635,-0.3601547,-0.17306656
17,equal_weight,0.5924478,0.34065866,0.90263915,0.5340457
18,equal_weight,0.5850118,0.27746665,0.82020247,0.65736616
19,equal_weight,0.41440642,0.24529195,0.40359938,0.5943279
20,equal_weight,-0.0825093,0.2450862,0.33342147,-0.82603556
21,equal_weight,-0.21680708,-0.26768887,0.42492163,-0.807654
22,equal_weight,0.062217772,-0.3640551,0.7585696,-0.20786119
23,equal_weight,0.57122403,0.0484159,0.983613,0.6816431
24,equal_weight,0.79795736,0.4026028,0.99687517,0.99439406
25,equal_weight,0.78567904,0.45145535,0.9889736,0.9166081
26,equal_weight,0.78460693,0.47768033,0.9601755,0.91596496
27,equal_weight,0.87008685,0.6390586,0.98018265,0.99101925
28,equal_weight,0.82599163,0.7645838,0.7175827,0.99580836
29,equal_weight,0.97284794,0.95193076,0.976491,0.9901221
30,equal_weight,0.8975427,0.9729576,0.8849664,0.83470416
31,equal_weight,-0.3469325,-0.44015527,-0.23461157,-0.3660307
32,equal_weight,0.067446984,-0.37239552,0.47889018,0.095846295
33,equal_weight,-0.47706044,-0.7243479,-0.7156386,0.008805156
34,equal_weight,-0.35156682,0.07155752,-0.83089465,-0.2953633
35,equal_weight,-0.3942908,-0.1667167,-0.9079684,-0.10818732
36,equal_weight,0.14484112,0.85359335,-0.4449401,0.025870085
37,equal_weight,0.18039091,0.6084455,-0.07016981,0.0028970242
38,equal_weight,0.7476573,0.788635,0.7201258,0.7342111
39,equal_weight,0.65003115,0.28514397,0.69113946,0.97380996
40,equal_weight,0.6969332,0.48415887,0.73360825,0.87303245
41,equal_weight,0.24913871,-0.34196234,0.299991,0.78938746
42,equal_weight,-0.21037734,-0.89570177,-0.6923783,0.95694804
43,equal_weight,-0.24352469,-0.50977993,-0.77351075,0.5527166
44,equal_weight,0.32330924,0.19753826,0.8770416,-0.10465211
45,equal_weight,0.47973517,0.3757677,0.8369156,0.2265222
46,equal_weight,0.65390664,0.48640203,0.9015235,0.5737945
47,equal_weight,0.7394899,0.5936401,0.97016966,0.65466
48,equal_weight,0.76802903,0.5958761,0.96615887,0.7420522
49,equal_weight,0.50138265,0.43335223,0.5874361,0.48335958
50,equal_weight,0.40622285,0.5651572,0.23035133,0.42316008
51,equal_weight,0.61850065,0.49653387,0.57876587,0.78020215
52,equal_weight,0.6064783,0.47860026,0.6196337,0.72120094
53,equal_weight,0.6347372,0.47785068,0.5229299,0.90343094
54,equal_weight,0.5451326,-0.24678135,0.8840774,0.9981017
55,equal_weight,0.5110064,-0.20241964,0.7383094,0.99712944
56,equal_weight,0.3862254,-0.18788642,0.3505845,0.9959781
57,equal_weight,-0.17169005,-0.51990896,-0.8623904,0.8672292
58,equal_weight,0.6303634,0.08315539,0.81057596,0.9973588
59,equal_weight,0.9526237,0.89542675,0.9777013,0.9847431
60,equal_weight,0.7740801,0.70056,0.76599836,0.8556819
61,equal_weight,0.030523757,-0.07715881,-0.5470006,0.71573067
62,equal_weight,-0.42090893,0.031147838,-0.9930756,-0.300799
63,equal_weight,-0.0062808394,-0.073144436,-0.8320127,0.88631463
64,equal_weight,-0.6539253,-0.11183387,-0.9008769,-0.94906515
65,equal_weight,-0.27889094,-0.25547242,0.39045453,-0.97165495
66,equal_weight,-0.65112257,-0.16403562,-0.79181343,-0.99751866
67,equal_weight,-0.743978,-0.3022732,-0.9428208,-0.9868401
68,equal_weight,-0.70509297,-0.19073373,-0.979705,-0.94484013
69,equal_weight,-0.7193368,-0.25556684,-0.9820705,-0.92037314
70,equal_weight,-0.16355975,0.52968395,-0.46335542,-0.5570078
71,equal_weight,0.58462346,0.57739246,0.57318044,0.6032975
72,equal_weight,0.39152196,0.18855548,0.7231631,0.2628473
73,equal_weight,0.20528972,0.24707961,0.86208963,-0.49330008
74,equal_weight,0.83629996,0.91714704,0.7815006,0.8102522
75,equal_weight,0.9058561,0.9446124,0.8289516,0.9440042
76,equal_weight,0.9316748,0.8950565,0.9896537,0.9103141
77,equal_weight,0.66550195,0.119398594,0.9781183,0.89898896
78,equal_weight,0.6864087,0.376194,0.9830463,0.69998574
79,equal_weight,0.5650806,-0.1245563,0.9005877,0.91921043
80,equal_weight,-0.42036664,-0.89031166,-0.6211067,0.2503184
81,equal_weight,-0.41738427,-0.93321264,-0.44560385,0.12666368
82,equal_weight,0.6975049,0.24554753,0.85348725,0.99347985
83,equal_weight,0.50116754,0.47851884,0.034992695,0.98999107
84,equal_weight,0.61334735,0.6429101,0.30944133,0.88769054
85,equal_weight,0.7065724,0.69595397,0.5004418,0.9233215
86,equal_weight,0.315671,0.45597494,0.027168036,0.46387005
87,equal_weight,-0.21700208,-0.069681406,-0.16351807,-0.41780674
88,equal_weight,-0.22334193,0.36571908,-0.66511256,-0.3706323
89,equal_weight,0.26656148,0.09272432,0.66246605,0.044494033
90,equal_weight,0.23060812,0.3616023,-0.25359935,0.5838214
91,equal_weight,0.2712773,0.2949803,0.43908644,0.0797652
92,equal_weight,0.3741022,0.35027087,0.5466337,0.225402
93,equal_weight,0.27530086,0.239779,0.41750193,0.16862166
94,equal_weight,0.6481808,0.29174364,0.8095107,0.84328794
95,equal_weight,0.7027505,0.29601932,0.8696053,0.94262695
96,equal_weight,0.7748841,0.4528985,0.95039356,0.92136025
97,equal_weight,0.7962179,0.60928893,0.79981494,0.9795499
98,equal_weight,0.8604942,0.8935442,0.8406546,0.84728384
99,equal_weight,0.7967709,0.59513974,0.9167173,0.87845564
100,equal_weight,0.9738021,0.9905751,0.9711826,0.9596486
101,equal_weight,0.71885854,0.6377188,0.8267069,0.6921499
102,equal_weight,-0.6836787,-0.75617445,-0.3209607,-0.97390085
103,equal_weight,-0.024048528,-0.09387267,-0.04500687,0.06673396
104,equal_weight,-0.55120456,-0.9382359,0.12350702,-0.8388849
105,equal_weight,-0.7222195,-0.99453604,-0.40072626,-0.7713963
106,equal_weight,0.463829,0.9642534,0.0024635792,0.42477
107,equal_weight,0.4178692,0.3328141,0.46877766,0.45201588
108,equal_weight,0.5155212,-0.06711942,0.83540165,0.77828145
109,equal_weight,0.23078601,0.17615128,-0.36681318,0.8830199
110,equal_weight,0.5431525,0.29958916,0.39663267,0.93323565
111,equal_weight,0.2912856,0.26209998,-0.25006485,0.86182165
112,equal_weight,0.0065480075,0.049960256,-0.5337583,0.50344205
113,equal_weight,0.23947209,0.18838418,-0.41476768,0.9447998
114,equal_weight,0.08323324,0.055520892,-0.610008,0.8041868
115,equal_weight,0.22624223,0.4077866,-0.5650313,0.83597136
116,equal_weight,0.3660839,0.81404865,-0.20495933,0.48916233
117,equal_weight,0.19191854,0.68756056,-0.70556474,0.5937598
118,equal_weight,0.11794084,0.58778334,-0.6147743,0.38081348
119,equal_weight,-0.12621373,0.27549994,-0.6600459,0.0059047937
120,equal_weight,0.21428923,0.6460383,-0.61257136,0.60940075
121,equal_weight,0.55860263,0.8649154,-0.13148224,0.9423748
122,equal_weight,0.079282664,0.63807166,0.11276567,-0.51298934
123,equal_weight,0.23307507,0.52793753,0.07024789,0.10103977
124,equal_weight,-0.45424098,-0.2878713,-0.74798506,-0.32686657
125,equal_weight,0.16800691,0.5083016,-0.12075335,0.11647248
126,equal_weight,0.0034992099,-0.0030488968,0.028420925,-0.014874399
127,equal_weight,-0.28401726,0.15173459,-0.46788973,-0.53589666
128,equal_weight,0.22456564,0.14454341,-0.23173982,0.76089334
129,equal_weight,0.13141222,0.15820551,-0.45511818,0.69114935
130,equal_weight,-0.2134734,-0.14582628,-0.99211115,0.49751723
131,equal_weight,-0.112937845,0.3267212,-0.8267443,0.16120958
132,equal_weight,0.12573765,0.3653816,-0.8870755,0.8989068
133,equal_weight,0.2970642,0.57096016,-0.66137373,0.9816061
134,equal_weight,0.5177751,0.7158183,-0.14382982,0.98133683
135,equal_weight,0.2475255,0.73131514,-0.9093002,0.92056155
136,equal_weight,0.3391908,0.7671368,-0.66334623,0.9137819
137,equal_weight,0.478453,0.67742443,0.18921232,0.56872225
138,equal_weight,0.40526882,0.58063936,0.29075015,0.34441698
139,equal_weight,0.7940491,0.8211682,0.8393049,0.7216742
140,equal_weight,0.64434975,0.9006264,0.32948613,0.70293677
141,equal_weight,0.643512,0.7820389,0.691818,0.4566791
142,equal_weight,0.65050215,0.60038245,0.83231974,0.5188043
143,equal_weight,-0.1455273,0.33355463,-0.6399844,-0.1301521
144,equal_weight,-0.37460902,-0.10671705,-0.9297455,-0.087364554
145,equal_weight,-0.6053318,-0.6494861,-0.9573161,-0.20919311
146,equal_weight,-0.8156074,-0.9287522,-0.5738156,-0.9442545
147,equal_weight,-0.9334426,-0.9658675,-0.83780634,-0.99665385
148,equal_weight,-0.8772266,-0.89916605,-0.74292105,-0.98959273
149,equal_weight,-0.8977402,-0.9496973,-0.7447966,-0.99872667
150,equal_weight,-0.88531536,-0.8971186,-0.8887867,-0.8700408
151,equal_weight,-0.91359806,-0.9258484,-0.8307109,-0.98423487
152,equal_weight,-0.5828681,-0.6708973,-0.51535004,-0.5623569
153,equal_weight,-0.65435076,-0.47802448,-0.49991703,-0.9851107
154,equal_weight,0.94437104,0.97374606,0.8786397,0.98072743
155,equal_weight,0.93807,0.9202174,0.9079416,0.9860511
156,equal_weight,0.93834054,0.9236896,0.9226872,0.96864486
157,equal_weight,0.95163196,0.91461325,0.9648204,0.9754622
158,equal_weight,0.93660945,0.8993361,0.94853616,0.961956
159,equal_weight,0.8410535,0.68664086,0.9670497,0.8694699
160,equal_weight,0.7933371,0.78905106,0.9071646,0.6837957
161,equal_weight,0.8006335,0.7855294,0.8336152,0.78275585
162,equal_weight,0.8180707,0.80789196,0.8772156,0.7691045
163,equal_weight,0.8245486,0.79135716,0.88192725,0.8003614
164,equal_weight,0.42990348,0.6262162,0.69548583,-0.03199154
165,equal_weight,0.7191548,0.73197424,0.5732269,0.8522632
166,equal_weight,0.9333237,0.9579525,0.8786807,0.9633378
167,equal_weight,0.95775986,0.9745531,0.9290831,0.96964335
168,equal_weight,0.95934737,0.9805343,0.99237025,0.90513754
169,equal_weight,0.9329344,0.93671477,0.99026847,0.87182
170,equal_weight,0.95283306,0.96961784,0.9907216,0.89815974
171,equal_weight,0.92085934,0.92348814,0.9916265,0.84746337
172,equal_weight,0.9521858,0.9650469,0.97866154,0.91284895
173,equal_weight,0.9071799,0.939378,0.9642528,0.81790876
174,equal_weight,-0.23551773,-0.5344674,-0.8851237,0.71303797
175,equal_weight,0.15618874,-0.14289993,-0.10636878,0.71783495
176,equal_weight,0.6768299,0.21099496,0.8705714,0.94892335
177,equal_weight,0.2739711,0.115101814,-0.20508146,0.911893
178,equal_weight,0.23339935,-0.17928088,0.42253375,0.45694518
179,equal_weight,0.08618643,-0.0841369,-0.57313704,0.91583323
180,equal_weight,-0.21726246,-0.4249866,-0.96540713,0.73860633
181,equal_weight,-0.4948174,-0.6894306,-0.99463016,0.19960856
182,equal_weight,-0.2337128,-0.5753436,-0.9913259,0.8655311
183,equal_weight,-0.34117258,-0.93298185,-0.9847119,0.894176
184,equal_weight,-0.22453928,-0.46257514,-0.9645546,0.7535119
185,equal_weight,0.17885612,-0.39725983,-0.02065128,0.95447946
186,equal_weight,0.75261235,0.5836463,0.73904777,0.935143
187,equal_weight,0.4056498,0.89114237,-0.3830371,0.7088442
188,equal_weight,0.43488908,0.90086997,-0.160514,0.56431127
189,equal_weight,0.24162196,0.871855,-0.7230919,0.57610273
0,vol_regime,-0.01853026,-0.09390795,-0.19205129,0.954299
1,vol_regime,-0.021015644,-0.086662054,-0.3477475,0.48027325
2,vol_regime,0.03889657,0.12874746,-0.66231555,0.8839952
3,vol_regime,-0.33355767,-0.23730576,-0.9439034,0.919968
4,vol_regime,-0.18888828,-0.30402482,-0.9893714,0.9935591
5,vol_regime,-0.21872965,-0.41452384,-0.902009,0.8881037
6,vol_regime,-0.7634633,-0.49984616,-0.96085405,-0.7638929
7,vol_regime,-0.39621848,-0.17921692,-0.93333024,0.102928996
8,vol_regime,0.21416026,-0.6814416,0.9474268,0.1320734
9,vol_regime,0.028937351,-0.1289646,0.88531923,-0.9550032
10,vol_regime,-0.13063182,-0.56523746,0.8384595,-0.9881479
11,vol_regime,-0.1449031,-0.7771722,0.95451903,-0.97853017
12,vol_regime,0.3444545,-0.6012961,0.74916685,0.75058866
13,vol_regime,0.5296213,0.055645823,0.6786852,0.804845
14,vol_regime,0.6440382,0.24059606,0.6985284,0.9748268
15,vol_regime,0.4043487,0.15189755,0.4185655,0.6378441
16,vol_regime,-0.10072823,0.3165815,-0.35955685,-0.1729331
17,vol_regime,0.6223956,0.34839284,0.9163588,0.50444734
18,vol_regime,0.60389507,0.27230382,0.80848,0.6627064
19,vol_regime,0.41283467,0.25038958,0.39251304,0.60237527
20,vol_regime,-0.041128308,0.24503851,0.3331524,-0.8263361
21,vol_regime,-0.15480049,-0.21466553,0.37136936,-0.79649526
22,vol_regime,0.20590788,-0.23530185,0.753561,-0.08308655
23,vol_regime,0.64626247,0.16557443,0.98361635,0.67714524
24,vol_regime,0.8237623,0.42206836,0.99652374,0.99510765
25,vol_regime,0.80791783,0.4554044,0.98868346,0.91941035
26,vol_regime,0.80338126,0.48068774,0.9607507,0.9162488
27,vol_regime,0.88125694,0.638875,0.9806783,0.99107707
28,vol_regime,0.816112,0.76305366,0.7211337,0.995808
29,vol_regime,0.9727148,0.9509146,0.9760674,0.99004483
30,vol_regime,0.89627796,0.9729574,0.88495815,0.83469164
31,vol_regime,-0.33554286,-0.44021356,-0.23420274,-0.3659923
32,vol_regime,0.10079381,-0.3898906,0.47347486,0.09457016
33,vol_regime,-0.49575108,-0.72211254,-0.7148903,0.022796035
34,vol_regime,-0.39462838,0.09305167,-0.826091,-0.30702496
35,vol_regime,-0.43552443,-0.11997604,-0.9122792,-0.11539984
36,vol_regime,0.07046853,0.8600066,-0.47682345,0.010653138
37,vol_regime,0.16706724,0.61607146,-0.05127591,0.0091872215
38,vol_regime,0.7431011,0.78787637,0.7192185,0.7301694
39,vol_regime,0.65609556,0.28787136,0.69396746,0.9738239
40,vol_regime,0.70211744,0.48570728,0.7346126,0.87520075
41,vol_regime,0.25900117,-0.33654982,0.3059342,0.7919748
42,vol_regime,-0.25501168,-0.8904221,-0.6881331,0.95789397
43,vol_regime,-0.32286164,-0.54833794,-0.78427047,0.51782644
44,vol_regime,0.36808097,0.20052516,0.8702972,-0.13398486
45,vol_regime,0.5461734,0.38067126,0.84494805,0.3133093
46,vol_regime,0.7037309,0.49248803,0.91678894,0.63089633
47,vol_regime,0.77118427,0.5951183,0.97472525,0.6758623
48,vol_regime,0.78642315,0.58435225,0.96857524,0.74562454
49,vol_regime,0.5049847,0.42889738,0.59010863,0.4675734
50,vol_regime,0.3860452,0.5645654,0.22822869,0.41794693
51,vol_regime,0.6172717,0.5011127,0.5762453,0.78813267
52,vol_regime,0.60768,0.47869837,0.6190789,0.7214632
53,vol_regime,0.6231287,0.47752905,0.5218942,0.9037076
54,vol_regime,0.5811076,-0.24171305,0.88546586,0.9981172
55,vol_regime,0.5247462,-0.21815431,0.7276436,0.9971168
56,vol_regime,0.37586603,-0.1891383,0.3345425,0.99596834
57,vol_regime,-0.24133423,-0.5247934,-0.861297,0.868742
58,vol_regime,0.6574667,0.12698257,0.800598,0.99710906
59,vol_regime,0.9291364,0.8962257,0.97654724,0.9843683
60,vol_regime,0.7785407,0.7123426,0.7691746,0.85722685
61,vol_regime,-0.14308697,-0.08347702,-0.54840225,0.71519923
62,vol_regime,-0.3700126,-0.060778618,-0.9941364,-0.35304523
63,vol_regime,-0.20810124,-0.07250589,-0.8363971,0.86321425
64,vol_regime,-0.4783991,-0.1945312,-0.8871633,-0.955314
65,vol_regime,-0.2539182,-0.36895263,0.21714604,-0.97690445
66,vol_regime,-0.43938705,-0.16979057,-0.7925576,-0.9974544
67,vol_regime,-0.5320057,-0.24717063,-0.9497467,-0.9877934
68,vol_regime,-0.5713393,-0.3104695,-0.9678941,-0.94689375
69,vol_regime,-0.49231553,-0.17374492,-0.98419386,-0.92810416
70,vol_regime,0.04362312,0.42552924,-0.5011526,-0.6134865
71,vol_regime,0.5187592,0.44765162,0.6151196,0.6563237
72,vol_regime,0.34608573,0.16733015,0.747607,0.21405554
73,vol_regime,0.3287351,0.19725275,0.8667387,-0.49638134
74,vol_regime,0.86026007,0.90432584,0.7806033,0.83483577
75,vol_regime,0.9036099,0.93310857,0.8310437,0.944316
76,vol_regime,0.92903805,0.867735,0.98957276,0.90962815
77,vol_regime,0.6402461,-0.07502091,0.978894,0.9039825
78,vol_regime,0.64023495,0.115760684,0.9833386,0.7072377
79,vol_regime,0.55333287,-0.25847733,0.8965615,0.9075048
80,vol_regime,-0.43828017,-0.8848215,-0.60686815,0.2330451
81,vol_regime,-0.3971167,-0.9115229,-0.42555463,0.1552068
82,vol_regime,0.73127204,0.28938568,0.865736,0.9938731
83,vol_regime,0.45057014,0.45937002,0.039755702,0.9895228
84,vol_regime,0.5751303,0.5639106,0.35720158,0.87692165
85,vol_regime,0.6887089,0.6481644,0.547235,0.9178853
86,vol_regime,0.25883394,0.35915136,0.044630885,0.44412065
87,vol_regime,-0.26301765,0.0050582886,-0.24914992,-0.42941034
88,vol_regime,-0.26634514,0.26168036,-0.69843537,-0.41032434
89,vol_regime,0.117714986,-0.012934208,0.6381645,-0.012075305
90,vol_regime,0.20455799,0.3241079,-0.48086667,0.40699792
91,vol_regime,0.21935734,0.2627504,0.48940492,0.08530247
92,vol_regime,0.31486738,0.31586003,0.5692924,0.21250176
93,vol_regime,0.23454152,0.22179878,0.49637437,0.13745403
94,vol_regime,0.66902214,0.2570001,0.8533869,0.8424895
95,vol_regime,0.7483957,0.31251192,0.90181947,0.9485564
96,vol_regime,0.7937805,0.45825958,0.9551549,0.9305433
97,vol_regime,0.81979567,0.56488514,0.8009728,0.9802711
98,vol_regime,0.8605006,0.87870824,0.86234355,0.8488388
99,vol_regime,0.8160987,0.63680506,0.92360127,0.8806739
100,vol_regime,0.9713634,0.993255,0.97262156,0.95772517
101,vol_regime,0.7385529,0.763237,0.8334913,0.6857672
102,vol_regime,-0.6984139,-0.49888802,-0.31110334,-0.9730537
103,vol_regime,0.035792578,0.0047733784,-0.018186986,0.07599592
104,vol_regime,-0.6751895,-0.90477335,0.10618842,-0.8499903
105,vol_regime,-0.667014,-0.9828824,-0.3566352,-0.6016445
106,vol_regime,0.49490508,0.96188736,0.0345006,0.3988775
107,vol_regime,0.4212898,0.36784446,0.48760307,0.42683172
108,vol_regime,0.5271996,-0.09769517,0.8367578,0.7393503
109,vol_regime,0.17468865,0.20542312,-0.36600935,0.86488485
110,vol_regime,0.48833394,0.16321385,0.40742958,0.9213265
111,vol_regime,0.25818095,0.29808152,-0.21160257,0.8446584
112,vol_regime,-0.06264027,-0.012891054,-0.50522465,0.477723
113,vol_regime,0.20299198,0.16517091,-0.31995213,0.93807185
114,vol_regime,0.040367626,0.11535716,-0.5774075,0.78907824
115,vol_regime,0.11992296,0.33662593,-0.568479,0.82108927
116,vol_regime,0.26439714,0.7937372,-0.27486515,0.45407355
117,vol_regime,0.05146259,0.643028,-0.7388063,0.513589
118,vol_regime,-0.012777674,0.4423926,-0.6552555,0.38868916
119,vol_regime,-0.23492521,0.15559423,-0.69342583,-0.014110506
120,vol_regime,0.032994248,0.2877903,-0.6229622,0.65280676
121,vol_regime,0.43741438,0.79602396,-0.21446347,0.9479753
122,vol_regime,0.14991595,0.6621976,0.19149017,-0.41779798
123,vol_regime,0.22906217,0.6625353,0.057519674,0.024312377
124,vol_regime,-0.5254728,-0.43520445,-0.7389014,-0.33116972
125,vol_regime,0.110843934,0.43054008,-0.15321153,0.14322174
126,vol_regime,0.059707724,0.24983394,0.020070076,-0.07756829
127,vol_regime,-0.282057,0.17536569,-0.40556794,-0.57479835
128,vol_regime,0.07615416,0.109473586,-0.20716286,0.72618866
129,vol_regime,0.029242212,0.16041899,-0.45042902,0.68119526
130,vol_regime,-0.33294618,-0.12364811,-0.99120396,0.38603878
131,vol_regime,-0.07093272,0.2643652,-0.8072108,0.12611401
132,vol_regime,0.025113028,0.33775234,-0.88597244,0.88253355
133,vol_regime,0.20953031,0.5201037,-0.6678107,0.97811294
134,vol_regime,0.41898957,0.5873127,-0.10536116,0.982103
135,vol_regime,0.1970287,0.6233218,-0.8943692,0.91346383
136,vol_regime,0.2678271,0.61736953,-0.64417255,0.9065714
137,vol_regime,0.4597894,0.58492374,0.17874837,0.5521064
138,vol_regime,0.37259552,0.52990985,0.2975359,0.31536067
139,vol_regime,0.75602025,0.68475723,0.83948565,0.715996
140,vol_regime,0.6462856,0.79636955,0.33873022,0.6684482
141,vol_regime,0.61389387,0.61145866,0.69526887,0.38437986
142,vol_regime,0.6108105,0.48246384,0.81544614,0.4663098
143,vol_regime,-0.24054644,0.20290065,-0.64410466,-0.14591587
144,vol_regime,-0.55902874,-0.39952922,-0.9166332,-0.24172235
145,vol_regime,-0.7353039,-0.755949,-0.97053957,-0.40101105
146,vol_regime,-0.79341865,-0.94433063,-0.5651515,-0.9468629
147,vol_regime,-0.9230767,-0.9680905,-0.8334767,-0.9975295
148,vol_regime,-0.8687863,-0.9345462,-0.7265615,-0.9926594
149,vol_regime,-0.8755991,-0.96144897,-0.7185937,-0.99908966
150,vol_regime,-0.9003676,-0.92820096,-0.86213607,-0.92350966
151,vol_regime,-0.9022475,-0.9280483,-0.817121,-0.98994863
152,vol_regime,-0.65565985,-0.8626607,-0.4670217,-0.70017654
153,vol_regime,-0.67513174,-0.6830579,-0.43504637,-0.98731935
154,vol_regime,0.9579699,0.9748901,0.8769462,0.98022723
155,vol_regime,0.93791056,0.8778937,0.908335,0.9857509
156,vol_regime,0.9331718,0.88154435,0.9231429,0.9681598
157,vol_regime,0.94251317,0.8730731,0.96505046,0.97516227
158,vol_regime,0.924886,0.84770274,0.94889164,0.9615936
159,vol_regime,0.80836415,0.6059058,0.9675243,0.8661752
160,vol_regime,0.73630655,0.7204137,0.90494776,0.67838573
161,vol_regime,0.7719796,0.72477853,0.8308313,0.7767595
162,vol_regime,0.77479285,0.7330589,0.8738692,0.76020265
163,vol_regime,0.78768116,0.71958256,0.87642527,0.79304266
164,vol_regime,0.2829243,0.56526995,0.6848979,-0.047272563
165,vol_regime,0.72997344,0.69422555,0.53406346,0.8297862
166,vol_regime,0.9417753,0.9492922,0.8772366,0.96308064
167,vol_regime,0.96094173,0.9692452,0.9279585,0.9691529
168,vol_regime,0.94666433,0.98129034,0.99230623,0.907632
169,vol_regime,0.9148265,0.9308096,0.9902748,0.87505734
170,vol_regime,0.9348239,0.9571159,0.9908397,0.89904237
171,vol_regime,0.88849837,0.8864641,0.9915614,0.8484937
172,vol_regime,0.9366874,0.94976974,0.9782733,0.91220367
173,vol_regime,0.87110025,0.90529656,0.9635794,0.81359076
174,vol_regime,-0.48904124,-0.5003486,-0.8777236,0.74485016
175,vol_regime,0.10055075,0.07178533,-0.030022979,0.6648644
176,vol_regime,0.72861105,0.28301215,0.8966179,0.9502008
177,vol_regime,0.14060988,0.1855762,-0.21069688,0.9247322
178,vol_regime,0.20754695,0.020965219,0.48849046,0.4842068
179,vol_regime,-0.045993358,0.02884996,-0.5186971,0.9230579
180,vol_regime,-0.42016968,-0.34920603,-0.9602223,0.7742063
181,vol_regime,-0.64238435,-0.62114,-0.99333715,0.28300798
182,vol_regime,-0.48429844,-0.46003926,-0.98942107,0.8855145
183,vol_regime,-0.40478063,-0.9022777,-0.98656464,0.86842847
184,vol_regime,-0.24313648,-0.28918839,-0.96037304,0.75923085
185,vol_regime,0.24620958,-0.2146157,0.060649276,0.9544486
186,vol_regime,0.7536678,0.65030336,0.6962892,0.933537
187,vol_regime,0.30599457,0.8963034,-0.42370462,0.68861794
188,vol_regime,0.38818833,0.87800527,-0.12484014,0.5824094
189,vol_regime,0.1585375,0.8735976,-0.7013435,0.5899854
0,hmm,0.13876653,-0.09390795,-0.19205129,0.954299
1,hmm,-0.016001498,-0.09350562,-0.34426248,0.517148
2,hmm,0.07963155,0.12776148,-0.6651443,0.88585544
3,hmm,-0.16067256,-0.24046624,-0.93840337,0.91593266
4,hmm,-0.16912487,-0.26625788,-0.99074876,0.98438025
5,hmm,-0.23589188,-0.41464257,-0.90408576,0.88473463
6,hmm,-0.69771403,-0.4954213,-0.96017313,-0.746339
7,hmm,-0.39273664,-0.26445925,-0.9291402,0.020026803
8,hmm,0.012602846,-0.6803727,0.94708705,0.12801206
9,hmm,-0.086011626,-0.29463148,0.94333005,-0.94534546
10,hmm,-0.28079963,-0.6594126,0.86736083,-0.9835192
11,hmm,-0.31526187,-0.81076235,0.96736455,-0.97074634
12,hmm,0.123041645,-0.70966166,0.84912205,0.7368808
13,hmm,0.49047747,0.06036544,0.8216102,0.8640418
14,hmm,0.55808383,0.22864461,0.7019261,0.97745633
15,hmm,0.37500012,0.12053609,0.4677167,0.72098565
16,hmm,-0.0024727914,0.3189863,-0.34765053,-0.16576111
17,hmm,0.5509448,0.330055,0.858428,0.5785645
18,hmm,0.5429325,0.28792334,0.8312702,0.6549784
19,hmm,0.3769026,0.23944771,0.4209751,0.5703652
20,hmm,0.010336695,0.2582301,0.3468033,-0.83849037
21,hmm,-0.12073626,-0.030851245,0.29869866,-0.785207
22,hmm,0.17542407,-0.108053744,0.7517462,-0.016001403
23,hmm,0.56035155,0.21382749,0.9831798,0.6732197
24,hmm,0.733673,0.41210794,0.99693596,0.99430895
25,hmm,0.72071713,0.43694496,0.98934174,0.9042866
26,hmm,0.7245,0.464396,0.9584079,0.90978074
27,hmm,0.82886773,0.63912654,0.97776556,0.9904947
28,hmm,0.80848986,0.77601886,0.7009573,0.99569666
29,hmm,0.97198725,0.9594579,0.9757364,0.98993194
30,hmm,0.9113277,0.9737141,0.8806679,0.8359393
31,hmm,-0.33571526,-0.38876963,-0.24760115,-0.34599805
32,hmm,0.0022487838,-0.35824764,0.4668702,0.0932703
33,hmm,-0.5298196,-0.6907221,-0.7173753,-0.015699267
34,hmm,-0.22008693,0.23953223,-0.8195249,-0.32757068
35,hmm,-0.3870908,-0.21777791,-0.89281064,-0.08492339
36,hmm,0.24896865,0.8322798,-0.44086313,0.02784133
37,hmm,0.23124614,0.58268905,-0.08954394,-0.015976489
38,hmm,0.72964525,0.7300221,0.71577394,0.74560404
39,hmm,0.55736226,0.22451317,0.6921054,0.97400236
40,hmm,0.606581,0.37535357,0.74505675,0.8545816
41,hmm,0.06625733,-0.42250526,0.20373821,0.7768593
42,hmm,-0.42191395,-0.95293546,-0.7736752,0.94833636
43,hmm,-0.38197273,-0.53592837,-0.82036006,0.4177606
44,hmm,0.29282576,0.13846946,0.8675623,-0.11990547
45,hmm,0.46245494,0.37288344,0.8407303,0.1698308
46,hmm,0.6324778,0.4903376,0.9024024,0.5639515
47,hmm,0.73061514,0.61769307,0.9685643,0.64805365
48,hmm,0.7594879,0.62867117,0.96513224,0.7478123
49,hmm,0.50772583,0.46003127,0.5890837,0.49585462
50,hmm,0.44082725,0.58052325,0.24680781,0.42245507
51,hmm,0.59829324,0.51276994,0.58581924,0.76690626
52,hmm,0.58692896,0.4910227,0.61160374,0.72970843
53,hmm,0.5963842,0.4668821,0.53671086,0.9008672
54,hmm,0.38964418,-0.28190774,0.88927054,0.9980494
55,hmm,0.39878216,-0.19220167,0.7860482,0.99692047
56,hmm,0.2895641,-0.21371806,0.45489478,0.99635744
57,hmm,-0.30251718,-0.59544206,-0.8500596,0.88025784
58,hmm,0.5627818,0.16732931,0.79373527,0.9967302
59,hmm,0.95014524,0.91076064,0.9800968,0.9850619
60,hmm,0.7699497,0.7239218,0.7673588,0.85580564
61,hmm,0.015377329,0.00012922287,-0.5452605,0.7154517
62,hmm,-0.3704092,0.00861311,-0.9933606,-0.30500972
63,hmm,-0.075011455,-0.08791268,-0.83873415,0.86461973
64,hmm,-0.58860624,-0.18294603,-0.8955765,-0.95039684
65,hmm,-0.29628447,-0.33918154,0.33227825,-0.97333235
66,hmm,-0.57811934,-0.202317,-0.7922992,-0.9975155
67,hmm,-0.65303814,-0.27186358,-0.94631904,-0.9871854
68,hmm,-0.65498686,-0.2777182,-0.9765175,-0.94820416
69,hmm,-0.6295102,-0.22988176,-0.9830542,-0.92455745
70,hmm,-0.0765494,0.47222257,-0.48008823,-0.57990193
71,hmm,0.5584848,0.526893,0.5510886,0.6242206
72,hmm,0.36063123,0.17535496,0.73624027,0.24337912
73,hmm,0.22738938,0.20219111,0.865649,-0.49314046
74,hmm,0.8507499,0.9149902,0.7835374,0.8163173
75,hmm,0.90684605,0.93696404,0.8299551,0.94491196
76,hmm,0.9164183,0.87062216,0.9896443,0.9105716
77,hmm,0.52699304,0.01586628,0.9788734,0.899812
78,hmm,0.5248406,0.1621474,0.98147607,0.6286732
79,hmm,0.42038786,-0.14359027,0.8928337,0.86713696
80,hmm,-0.57759535,-0.9190415,-0.695539,0.16486478
81,hmm,-0.4862855,-0.8698912,-0.4078269,0.10659468
82,hmm,0.68204427,0.3538859,0.8666644,0.9918833
83,hmm,0.47456917,0.4601636,0.056138396,0.9900105
84,hmm,0.59197,0.60488605,0.32683814,0.8830552
85,hmm,0.6921801,0.6777513,0.52074456,0.921201
86,hmm,0.30605584,0.41030288,0.03860545,0.45604825
87,hmm,-0.2810666,-0.06951809,-0.17553312,-0.42030686
88,hmm,-0.45989904,0.26813638,-0.685619,-0.42488426
89,hmm,0.10907855,-0.24305338,0.61553836,-0.22558832
90,hmm,0.048615035,0.3368528,-0.48265702,0.41592145
91,hmm,0.18425052,0.22706962,0.40429437,-0.0002798438
92,hmm,0.32590723,0.3184029,0.4772793,0.20632768
93,hmm,0.2663099,0.23374212,0.42569292,0.14533436
94,hmm,0.7730733,0.27202046,0.81365263,0.84082174
95,hmm,0.8541901,0.29424787,0.8603864,0.9612447
96,hmm,0.8971506,0.4579084,0.95826554,0.9360943
97,hmm,0.86953944,0.53825665,0.81308913,0.98097897
98,hmm,0.85177916,0.88288236,0.87149715,0.82978463
99,hmm,0.86989594,0.6288545,0.91859007,0.8791685
100,hmm,0.9671174,0.99217844,0.97421086,0.95642376
101,hmm,0.7459461,0.71257496,0.8293369,0.6859182
102,hmm,-0.6782967,-0.6546101,-0.3143229,-0.97417444
103,hmm,0.0063180467,-0.056345344,-0.040381074,0.056244016
104,hmm,-0.47761956,-0.94862115,0.106013775,-0.8500764
105,hmm,-0.68237674,-0.9963745,-0.41223073,-0.835563
106,hmm,0.31054032,0.9626696,0.0147076845,0.4161954
107,hmm,0.45334676,0.22639441,0.46789193,0.48820698
108,hmm,0.69984007,-0.10534781,0.8331131,0.7610203
109,hmm,0.23336305,0.1757145,-0.51999545,0.88594747
110,hmm,0.57301974,0.29913437,0.40070653,0.93429625
111,hmm,0.23298472,0.15559506,-0.27774012,0.85553193
112,hmm,-0.001043646,0.027871966,-0.5285746,0.53301
113,hmm,0.20268613,0.18691683,-0.407407,0.94445467
114,hmm,0.042276908,0.057317138,-0.61800796,0.80483186
115,hmm,0.21514215,0.42168927,-0.6091755,0.83254194
116,hmm,0.42383996,0.8138628,-0.21158385,0.48533332
117,hmm,0.26109043,0.6962235,-0.6669791,0.59229493
118,hmm,0.17129272,0.5647719,-0.5800599,0.3652116
119,hmm,-0.07928147,0.25116897,-0.6397522,-0.0009482503
120,hmm,0.2546086,0.64066815,-0.59135854,0.5786505
121,hmm,0.5904228,0.8724053,-0.12309295,0.9397223
122,hmm,0.19227257,0.6639817,0.10644925,-0.55252904
123,hmm,0.25873277,0.52723086,0.02879715,0.05192995
124,hmm,-0.4471253,-0.31449282,-0.7540132,-0.31719494
125,hmm,0.21892451,0.5066087,-0.12457782,0.114405155
126,hmm,-0.02407674,-0.07060146,0.024151564,0.0016611814
127,hmm,-0.19524996,0.17115593,-0.4598558,-0.53629726
128,hmm,0.17797072,0.142133,-0.25148028,0.7576587
129,hmm,0.108306475,0.16426635,-0.46517694,0.6956866
130,hmm,-0.24972335,-0.15613532,-0.9918271,0.47224736
131,hmm,-0.06954297,0.30258512,-0.8231971,0.16514671
132,hmm,0.113458075,0.3425871,-0.88567233,0.89995027
133,hmm,0.30339593,0.5700128,-0.66133404,0.98117423
134,hmm,0.5274472,0.7194618,-0.13862973,0.9811549
135,hmm,0.28594553,0.7321899,-0.9098823,0.9178035
136,hmm,0.37383732,0.76403236,-0.65703815,0.908761
137,hmm,0.5062508,0.6696613,0.20607054,0.5724071
138,hmm,0.4271665,0.5759798,0.29230356,0.32142258
139,hmm,0.79945374,0.8190528,0.8364259,0.7198727
140,hmm,0.67844045,0.90078974,0.32776558,0.6991286
141,hmm,0.66846794,0.7769823,0.6990701,0.43650234
142,hmm,0.646506,0.59841025,0.8369405,0.5045557
143,hmm,-0.07492206,0.3334278,-0.6345868,-0.13803971
144,hmm,-0.35176346,-0.112320185,-0.93149185,-0.08665115
145,hmm,-0.6428911,-0.678787,-0.9563875,-0.2022773
146,hmm,-0.8370417,-0.9480168,-0.5821638,-0.9432627
147,hmm,-0.9367962,-0.97121185,-0.83535993,-0.99659586
148,hmm,-0.8807884,-0.9140978,-0.73998433,-0.98979175
149,hmm,-0.9019013,-0.95639586,-0.7394968,-0.9987268
150,hmm,-0.89516056,-0.91548496,-0.88753545,-0.86786675
151,hmm,-0.917935,-0.9400891,-0.829381,-0.9843226
152,hmm,-0.6312084,-0.7456425,-0.5080332,-0.573311
153,hmm,-0.6589421,-0.584049,-0.49900353,-0.98479366
154,hmm,0.9388903,0.9741298,0.8780972,0.9804388
155,hmm,0.9474987,0.9129474,0.9076927,0.9862814
156,hmm,0.9450945,0.9164387,0.9230523,0.9684837
157,hmm,0.96458805,0.9103267,0.96473527,0.9753561
158,hmm,0.94932795,0.8900645,0.94868636,0.96171
159,hmm,0.8862236,0.655764,0.96739316,0.86760473
160,hmm,0.78713286,0.7636763,0.91330504,0.69089484
161,hmm,0.8019611,0.7705612,0.8329276,0.7834791
162,hmm,0.8144154,0.79092395,0.8774047,0.7687359
163,hmm,0.83035886,0.77437997,0.8815919,0.80060863
164,hmm,0.3239927,0.60631657,0.6936405,-0.02874881
165,hmm,0.71119654,0.7254317,0.5463805,0.8401897
166,hmm,0.92845464,0.95655227,0.8777499,0.9633837
167,hmm,0.95351046,0.9733374,0.9284698,0.9695687
168,hmm,0.9483094,0.98076904,0.9923024,0.9065747
169,hmm,0.9268973,0.93722665,0.9900974,0.8742509
170,hmm,0.9431782,0.9689119,0.99051464,0.9000695
171,hmm,0.9135789,0.9198227,0.9915805,0.8498783
172,hmm,0.9449552,0.9635885,0.97861075,0.914212
173,hmm,0.8887815,0.9362023,0.96416974,0.81877255
174,hmm,-0.18608157,-0.5128431,-0.8771004,0.7181227
175,hmm,0.072015025,-0.1681127,-0.12685281,0.7257376
176,hmm,0.61046356,0.23698163,0.8875611,0.94921327
177,hmm,0.23298799,0.1213671,-0.16186088,0.9075029
178,hmm,0.16622156,-0.17493701,0.43331409,0.45962453
179,hmm,0.038190734,-0.080634534,-0.51869494,0.9200871
180,hmm,-0.296635,-0.4310388,-0.9642521,0.74623775
181,hmm,-0.5574769,-0.70018494,-0.9942334,0.22337282
182,hmm,-0.33589295,-0.57179964,-0.990995,0.8744799
183,hmm,-0.07987283,-0.9391201,-0.98618203,0.8803117
184,hmm,-0.037160695,-0.21580017,-0.97432303,0.8269882
185,hmm,0.41803554,-0.15521544,0.01273334,0.9574944
186,hmm,0.7782897,0.73045397,0.63543963,0.94654024
187,hmm,0.39901334,0.8941333,-0.41798282,0.69762325
188,hmm,0.4778828,0.8995838,-0.17767715,0.5630723
189,hmm,0.2948328,0.88554466,-0.7631084,0.54738224
