step,allocator,w_aggressive,w_balanced,w_conservative
0,meta_rl,0.03139501975558997,0.020566594448671417,0.9480383857957385
1,meta_rl,0.3677523386322062,0.10147235861862637,0.5307753027491674
2,meta_rl,0.25671438014683545,0.022286482133751433,0.7209991377194132
3,meta_rl,0.24484672535763086,0.0998839161630628,0.6552693584793063
4,meta_rl,0.3974733232863521,0.02058965716733294,0.5819370195463149
5,meta_rl,0.46866472110284885,0.02618307125753163,0.5051522076396195
6,meta_rl,0.48757907617103635,0.017220150848773645,0.4952007729801899
7,meta_rl,0.21823239342232628,0.04120904369091129,0.7405585628867624
8,meta_rl,0.38899877068425637,0.18470665908445863,0.4262945702312851
9,meta_rl,0.3442500235480197,0.22569261515174596,0.43005736130023436
10,meta_rl,0.1996100377943719,0.1973948884229971,0.602995073782631
11,meta_rl,0.20579799263881549,0.372213997347372,0.42198801001381253
12,meta_rl,0.1316942186327514,0.35377621040603174,0.5145295709612169
13,meta_rl,0.4493898829664949,0.20877698710494114,0.34183312992856385
14,meta_rl,0.6400173181781883,0.021296072299742345,0.3386866095220693
15,meta_rl,0.6422526279062934,0.14346937631095943,0.2142779957827471
16,meta_rl,0.33970620801284557,0.6437754757064951,0.016518316280659282
17,meta_rl,0.26785346909159136,0.47979386898317583,0.25235266192523276
18,meta_rl,0.6514291583280377,0.027026433247712672,0.3215444084242496
19,meta_rl,0.6092968418013758,0.019136984503667197,0.371566173694957
20,meta_rl,0.1360018678233859,0.05970715980414235,0.8042909723724718
21,meta_rl,0.874302684143066,0.052813681454540136,0.07288363440239368
22,meta_rl,0.39206145142816573,0.14073536268043238,0.46720318589140186
23,meta_rl,0.06040615093972303,0.14916341682990583,0.7904304322303712
24,meta_rl,0.6978679647794339,0.03419253548867437,0.26793949973189174
25,meta_rl,0.7497975106158181,0.09573572205331396,0.15446676733086795
26,meta_rl,0.5039151605826818,0.02817997746155461,0.4679048619557636
27,meta_rl,0.6596662771781576,0.017539278717634832,0.32279444410420766
28,meta_rl,0.5412996053692333,0.019354695388379924,0.43934569924238687
29,meta_rl,0.6425446730483413,0.014152751032927955,0.3433025759187308
30,meta_rl,0.5345653826324458,0.06415923075191177,0.4012753866156424
31,meta_rl,0.45611135544692377,0.02370562039620895,0.5201830241568672
32,meta_rl,0.3425994999435988,0.0350730482280046,0.6223274518283967
33,meta_rl,0.13385281132920335,0.08012622424891272,0.786020964421884
34,meta_rl,0.7606830408423216,0.048883861611035424,0.19043309754664295
35,meta_rl,0.4216662263793105,0.12371857559553995,0.45461519802514955
36,meta_rl,0.414019664103502,0.04951472362159337,0.5364656122749046
37,meta_rl,0.14733491397013385,0.06426914240577108,0.788395943624095
38,meta_rl,0.3405766040302342,0.2798402901825158,0.3795831057872501
39,meta_rl,0.8704370925716044,0.02442166232897338,0.10514124509942233
40,meta_rl,0.05499173440658242,0.05787357281647328,0.8871346927769443
41,meta_rl,0.8405429973842342,0.1413057589512126,0.018151243664553108
42,meta_rl,0.9194575036606502,0.03706702766080734,0.04347546867854244
43,meta_rl,0.8398311452682733,0.10305523002041814,0.05711362471130862
44,meta_rl,0.3091269970980238,0.35924724156873394,0.33162576133324223
45,meta_rl,0.4032366196285887,0.5655354492127384,0.031227931158673033
46,meta_rl,0.4857807807782737,0.4951536574093982,0.01906556181232803
47,meta_rl,0.2505051229745027,0.5658762858254544,0.18361859120004287
48,meta_rl,0.9590526514248645,0.022104377035082882,0.018842971540052645
49,meta_rl,0.6033447185372507,0.37169164219159306,0.024963639271156333
50,meta_rl,0.2630880823230536,0.23496504540821178,0.5019468722687347
51,meta_rl,0.13419206748332332,0.12744139814148445,0.7383665343751922
52,meta_rl,0.4279296141529781,0.05273873687345031,0.5193316489735715
53,meta_rl,0.32185277647621513,0.2948625314646703,0.38328469205911453
54,meta_rl,0.45477254385110866,0.010506710057447287,0.534720746091444
55,meta_rl,0.5661727677785815,0.02952610150485034,0.40430113071656815
56,meta_rl,0.24268261999430646,0.09738466941151704,0.6599327105941765
57,meta_rl,0.11730593150204666,0.05708167953305806,0.8256123889648953
58,meta_rl,0.25972172423050843,0.030473839962977423,0.7098044358065142
59,meta_rl,0.3732065648086931,0.05443600395799787,0.5723574312333091
60,meta_rl,0.18307865608087068,0.12304606149109262,0.6938752824280366
61,meta_rl,0.8565126267529183,0.028361169548664304,0.11512620369841745
62,meta_rl,0.07368080327434938,0.019613333068304234,0.9067058636573464
63,meta_rl,0.6587368956363896,0.020672658854023324,0.32059044550958704
64,meta_rl,0.8143637280178994,0.03681960943150467,0.14881666255059608
65,meta_rl,0.8153086463905556,0.09365913448367232,0.09103221912577203
66,meta_rl,0.6087901122642811,0.19355244707305055,0.19765744066266822
67,meta_rl,0.7904878342563488,0.11513759511841713,0.09437457062523402
68,meta_rl,0.582853332925437,0.2390276208044111,0.17811904627015201
69,meta_rl,0.09565833262268522,0.4972038625927903,0.4071378047845244
70,meta_rl,0.19047717345416387,0.06717731474643945,0.7423455117993967
71,meta_rl,0.8157254569832002,0.0919495122988185,0.09232503071798123
72,meta_rl,0.15047049484476932,0.350970875176209,0.49855862997902173
73,meta_rl,0.07588888855080352,0.07631055351396997,0.8478005579352265
74,meta_rl,0.015290013393537924,0.44332937738274886,0.5413806092237132
75,meta_rl,0.0735967692152493,0.12089419880493817,0.8055090319798125
76,meta_rl,0.1557821355197248,0.35137380429249343,0.4928440601877817
77,meta_rl,0.11672778905991552,0.02488500862833855,0.8583872023117459
78,meta_rl,0.33479487311579126,0.03207064172542496,0.6331344851587838
79,meta_rl,0.20039787639984497,0.2228833451198521,0.576718778480303
80,meta_rl,0.02732911158750261,0.1343646013369158,0.8383062870755815
81,meta_rl,0.3730981934092896,0.2441200656917948,0.38278174089891565
82,meta_rl,0.02663828809907433,0.41735969087802777,0.5560020210228979
83,meta_rl,0.17057268805063744,0.048849926765017156,0.7805773851843454
84,meta_rl,0.315642936200403,0.029010747893160382,0.6553463159064367
85,meta_rl,0.08008044844498723,0.02454314106491615,0.8953764104900965
86,meta_rl,0.29645191074418376,0.40633631901386175,0.29721177024195455
87,meta_rl,0.054943924014126594,0.30357896357180747,0.6414771124140659
88,meta_rl,0.17786366252873384,0.16949980157842115,0.652636535892845
89,meta_rl,0.3615032700077239,0.06290599052268053,0.5755907394695955
90,meta_rl,0.2689955227868982,0.055416655107848115,0.6755878221052536
91,meta_rl,0.596924104864199,0.166145033361721,0.23693086177407988
92,meta_rl,0.04883434928998268,0.028495916083335765,0.9226697346266816
93,meta_rl,0.22528998590684737,0.022481495620719227,0.7522285184724333
94,meta_rl,0.3521640831667901,0.37844915911771787,0.269386757715492
95,meta_rl,0.505796671493775,0.38892481032237647,0.10527851818384852
96,meta_rl,0.29389115519140724,0.3075409319778376,0.39856791283075516
97,meta_rl,0.3550889185368521,0.04930433747395027,0.5956067439891977
98,meta_rl,0.172119985807981,0.3259772844411968,0.5019027297508222
99,meta_rl,0.06793020390397649,0.022440873588123817,0.9096289225078998
100,meta_rl,0.4981104877568785,0.03000342570035988,0.47188608654276176
101,meta_rl,0.06126437435179879,0.026213304138107192,0.912522321510094
102,meta_rl,0.6205608204377213,0.06633794647142074,0.31310123309085786
103,meta_rl,0.30147800418929377,0.4491465091999396,0.24937548661076675
104,meta_rl,0.10208596660741982,0.7940362739679967,0.10387775942458355
105,meta_rl,0.049357546865040264,0.7004596373013982,0.25018281583356156
106,meta_rl,0.07018619234823026,0.8509016608720678,0.07891214677970197
107,meta_rl,0.05377263591819448,0.776919232085794,0.16930813199601158
108,meta_rl,0.05477042038227894,0.6939165943337051,0.25131298528401613
109,meta_rl,0.15953486536164577,0.5907633829228401,0.24970175171551415
110,meta_rl,0.23577523035213693,0.5152594830937209,0.24896528655414216
111,meta_rl,0.12757976141024516,0.5409612101641662,0.3314590284255886
112,meta_rl,0.16268201448882927,0.6787308678293837,0.15858711768178704
113,meta_rl,0.23855825177574588,0.6716455003606671,0.0897962478635872
114,meta_rl,0.5002915363945307,0.2133988329053017,0.28630963070016746
115,meta_rl,0.6184738514807592,0.10894252547440961,0.27258362304483114
116,meta_rl,0.8736978030150742,0.08337599989125645,0.042926197093669474
117,meta_rl,0.9581758705873707,0.022675981501655878,0.019148147910973357
118,meta_rl,0.7588823731046159,0.22475470814540482,0.016362918749979277
119,meta_rl,0.9592821142026043,0.021721367243514922,0.018996518553880785
120,meta_rl,0.1563424298444897,0.3229843423099946,0.5206732278455157
121,meta_rl,0.454532153708423,0.16663536975861065,0.3788324765329663
122,meta_rl,0.09163664604847964,0.31897251565585755,0.5893908382956629
123,meta_rl,0.7835540674248979,0.05398651303789159,0.16245941953721052
124,meta_rl,0.6499728625538503,0.02667665381768153,0.32335048362846813
125,meta_rl,0.8894293446433931,0.036211542337964045,0.07435911301864298
126,meta_rl,0.9409672384847609,0.03424509493023647,0.02478766658500267
127,meta_rl,0.5672900875677561,0.021712643503530592,0.4109972689287133
128,meta_rl,0.22268381721282815,0.04899622774719337,0.7283199550399785
129,meta_rl,0.6646200670471801,0.1865522411783168,0.14882769177450308
130,meta_rl,0.1414225262807442,0.05416879422063259,0.8044086794986232
131,meta_rl,0.22748576422386085,0.10211723520088128,0.6703970005752579
132,meta_rl,0.5249769543795455,0.16355605145612567,0.3114669941643287
133,meta_rl,0.11098536245512808,0.19477179387247476,0.6942428436723972
134,meta_rl,0.578685466171424,0.014769367361064815,0.40654516646751127
135,meta_rl,0.4156089801177361,0.06800477420410311,0.5163862456781608
136,meta_rl,0.42712948009664603,0.02268459900973715,0.5501859208936168
137,meta_rl,0.12320394345147732,0.5504843899522344,0.32631166659628835
138,meta_rl,0.09741486046422597,0.10398880907026324,0.7985963304655107
139,meta_rl,0.01656140335281696,0.6447148709951784,0.3387237256520046
140,meta_rl,0.8232205904483331,0.024834123786557524,0.1519452857651095
141,meta_rl,0.8850152933972936,0.08177245173178394,0.033212254870922595
142,meta_rl,0.07322647235142386,0.05498324660249483,0.8717902810460813
143,meta_rl,0.9579885578715053,0.02046071083799212,0.021550731290502584
144,meta_rl,0.3366486509938483,0.22413094968419797,0.4392203993219537
145,meta_rl,0.6222517290728818,0.1731840751995962,0.2045641957275219
146,meta_rl,0.9403702920007563,0.032857034715819876,0.02677267328342387
147,meta_rl,0.9458270151539068,0.033885621976506075,0.020287362869587034
148,meta_rl,0.9321434908142154,0.0458809966863025,0.021975512499482066
149,meta_rl,0.8192409280239492,0.08309466867034226,0.09766440330570865
150,meta_rl,0.22979481000760046,0.1862717983550676,0.5839333916373319
151,meta_rl,0.9300178109218045,0.03460896568087859,0.03537322339731687
152,meta_rl,0.5630146540142984,0.14757507386327984,0.28941027212242176
153,meta_rl,0.8919986316513399,0.0510153080087032,0.056986060339956936
154,meta_rl,0.9150505169157074,0.035269878501670376,0.04967960458262234
155,meta_rl,0.1824933570608014,0.15284923792075658,0.664657405018442
156,meta_rl,0.9354265007137013,0.04716486599441036,0.017408633291888572
157,meta_rl,0.15544709516852526,0.11412296034222544,0.7304299444892492
158,meta_rl,0.9138416729980506,0.04395457583398915,0.042203751167960296
159,meta_rl,0.1037789050796911,0.07795141003749465,0.8182696848828144
160,meta_rl,0.9381901145343885,0.029551336612477466,0.03225854885313408
161,meta_rl,0.20009281139043222,0.20300629571552778,0.59690089289404
162,meta_rl,0.3647995797303487,0.16631026164234386,0.4688901586273075
163,meta_rl,0.12080086916199839,0.24593447180920497,0.6332646590287966
164,meta_rl,0.7156707674373463,0.11133864085440169,0.17299059170825204
165,meta_rl,0.2340571305841265,0.4918976654066705,0.2740452040092032
166,meta_rl,0.5020973758775226,0.4630743783592291,0.03482824576324833
167,meta_rl,0.5399946128916359,0.3534320416130625,0.10657334549530155
168,meta_rl,0.6784890674039438,0.29837992424188964,0.023131008354166614
169,meta_rl,0.9013358708952139,0.02499203398491136,0.07367209511987464
170,meta_rl,0.49751365240545126,0.3075175670308024,0.19496878056374622
171,meta_rl,0.2888104692565012,0.5821792447924087,0.12901028595109013
172,meta_rl,0.8506284301081457,0.04805402639730094,0.10131754349455349
173,meta_rl,0.0916142383136361,0.6085458420946349,0.29983991959172895
174,meta_rl,0.2556346346650032,0.6796184013438774,0.0647469639911195
175,meta_rl,0.5126649139371022,0.04871683036684781,0.43861825569604984
176,meta_rl,0.5246852005805275,0.385015817974447,0.0902989814450254
177,meta_rl,0.663658847629035,0.2353277664711186,0.10101338589984635
178,meta_rl,0.9042256118354378,0.05017989397547952,0.04559449418908259
179,meta_rl,0.9099442998725783,0.01849370582870651,0.07156199429871507
180,meta_rl,0.932252692710838,0.03327367567994246,0.034473631609219575
181,meta_rl,0.36140096907853714,0.605564273660306,0.03303475726115693
182,meta_rl,0.2099573455580446,0.4135652567679398,0.3764773976740156
183,meta_rl,0.7548811817360602,0.10731101844733605,0.13780779981660377
184,meta_rl,0.852221510875372,0.12153595153728368,0.02624253758734439
185,meta_rl,0.4086260675471056,0.30454705315484637,0.2868268792980481
186,meta_rl,0.0457604358997722,0.8952054825408526,0.05903408155937528
187,meta_rl,0.3793579504621951,0.536176419671918,0.08446562986588685
188,meta_rl,0.03495814173369602,0.34078871706024133,0.6242531412060627
189,meta_rl,0.1951590368271068,0.4584247041722636,0.3464162590006295
0,equal_weight,0.3333333333333333,0.3333333333333333,0.3333333333333333
1,equal_weight,0.3333333333333333,0.3333333333333333,0.3333333333333333
2,equal_weight,0.3333333333333333,0.3333333333333333,0.3333333333333333
3,equal_weight,0.3333333333333333,0.3333333333333333,0.3333333333333333
4,equal_weight,0.3333333333333333,0.3333333333333333,0.3333333333333333
5,equal_weight,0.3333333333333333,0.3333333333333333,0.3333333333333333
6,equal_weight,0.3333333333333333,0.3333333333333333,0.3333333333333333
7,equal_weight,0.3333333333333333,0.3333333333333333,0.3333333333333333
8,equal_weight,0.3333333333333333,0.3333333333333333,0.3333333333333333
9,equal_weight,0.3333333333333333,0.3333333333333333,0.3333333333333333
10,equal_weight,0.3333333333333333,0.3333333333333333,0.3333333333333333
11,equal_weight,0.3333333333333333,0.3333333333333333,0.3333333333333333
12,equal_weight,0.3333333333333333,0.3333333333333333,0.3333333333333333
13,equal_weight,0.3333333333333333,0.3333333333333333,0.3333333333333333
14,equal_weight,0.3333333333333333,0.3333333333333333,0.3333333333333333
15,equal_weight,0.3333333333333333,0.3333333333333333,0.3333333333333333
16,equal_weight,0.3333333333333333,0.3333333333333333,0.3333333333333333
17,equal_weight,0.3333333333333333,0.3333333333333333,0.3333333333333333
18,equal_weight,0.3333333333333333,0.3333333333333333,0.3333333333333333
19,equal_weight,0.3333333333333333,0.3333333333333333,0.3333333333333333
20,equal_weight,0.3333333333333333,0.3333333333333333,0.3333333333333333
21,equal_weight,0.3333333333333333,0.3333333333333333,0.3333333333333333
22,equal_weight,0.3333333333333333,0.3333333333333333,0.3333333333333333
23,equal_weight,0.3333333333333333,0.3333333333333333,0.3333333333333333
24,equal_weight,0.3333333333333333,0.3333333333333333,0.3333333333333333
25,equal_weight,0.3333333333333333,0.3333333333333333,0.3333333333333333
26,equal_weight,0.3333333333333333,0.3333333333333333,0.3333333333333333
27,equal_weight,0.3333333333333333,0.3333333333333333,0.3333333333333333
28,equal_weight,0.3333333333333333,0.3333333333333333,0.3333333333333333
29,equal_weight,0.3333333333333333,0.3333333333333333,0.3333333333333333
30,equal_weight,0.3333333333333333,0.3333333333333333,0.3333333333333333
31,equal_weight,0.3333333333333333,0.3333333333333333,0.3333333333333333
32,equal_weight,0.3333333333333333,0.3333333333333333,0.3333333333333333
33,equal_weight,0.3333333333333333,0.3333333333333333,0.3333333333333333
34,equal_weight,0.3333333333333333,0.3333333333333333,0.3333333333333333
35,equal_weight,0.3333333333333333,0.3333333333333333,0.3333333333333333
36,equal_weight,0.3333333333333333,0.3333333333333333,0.3333333333333333
37,equal_weight,0.3333333333333333,0.3333333333333333,0.3333333333333333
38,equal_weight,0.3333333333333333,0.3333333333333333,0.3333333333333333
39,equal_weight,0.3333333333333333,0.3333333333333333,0.3333333333333333
40,equal_weight,0.3333333333333333,0.3333333333333333,0.3333333333333333
41,equal_weight,0.3333333333333333,0.3333333333333333,0.3333333333333333
42,equal_weight,0.3333333333333333,0.3333333333333333,0.3333333333333333
43,equal_weight,0.3333333333333333,0.3333333333333333,0.3333333333333333
44,equal_weight,0.3333333333333333,0.3333333333333333,0.3333333333333333
45,equal_weight,0.3333333333333333,0.3333333333333333,0.3333333333333333
46,equal_weight,0.3333333333333333,0.3333333333333333,0.3333333333333333
47,equal_weight,0.3333333333333333,0.3333333333333333,0.3333333333333333
48,equal_weight,0.3333333333333333,0.3333333333333333,0.3333333333333333
49,equal_weight,0.3333333333333333,0.3333333333333333,0.3333333333333333
50,equal_weight,0.3333333333333333,0.3333333333333333,0.3333333333333333
51,equal_weight,0.3333333333333333,0.3333333333333333,0.3333333333333333
52,equal_weight,0.3333333333333333,0.3333333333333333,0.3333333333333333
53,equal_weight,0.3333333333333333,0.3333333333333333,0.3333333333333333
54,equal_weight,0.3333333333333333,0.3333333333333333,0.3333333333333333
55,equal_weight,0.3333333333333333,0.3333333333333333,0.3333333333333333
56,equal_weight,0.3333333333333333,0.3333333333333333,0.3333333333333333
57,equal_weight,0.3333333333333333,0.3333333333333333,0.3333333333333333
58,equal_weight,0.3333333333333333,0.3333333333333333,0.3333333333333333
59,equal_weight,0.3333333333333333,0.3333333333333333,0.3333333333333333
60,equal_weight,0.3333333333333333,0.3333333333333333,0.3333333333333333
61,equal_weight,0.3333333333333333,0.3333333333333333,0.3333333333333333
62,equal_weight,0.3333333333333333,0.3333333333333333,0.3333333333333333
63,equal_weight,0.3333333333333333,0.3333333333333333,0.3333333333333333
64,equal_weight,0.3333333333333333,0.3333333333333333,0.3333333333333333
65,equal_weight,0.3333333333333333,0.3333333333333333,0.3333333333333333
66,equal_weight,0.3333333333333333,0.3333333333333333,0.3333333333333333
67,equal_weight,0.3333333333333333,0.3333333333333333,0.3333333333333333
68,equal_weight,0.3333333333333333,0.3333333333333333,0.3333333333333333
69,equal_weight,0.3333333333333333,0.3333333333333333,0.3333333333333333
70,equal_weight,0.3333333333333333,0.3333333333333333,0.3333333333333333
71,equal_weight,0.3333333333333333,0.3333333333333333,0.3333333333333333
72,equal_weight,0.3333333333333333,0.3333333333333333,0.3333333333333333
73,equal_weight,0.3333333333333333,0.3333333333333333,0.3333333333333333
74,equal_weight,0.3333333333333333,0.3333333333333333,0.3333333333333333
75,equal_weight,0.3333333333333333,0.3333333333333333,0.3333333333333333
76,equal_weight,0.3333333333333333,0.3333333333333333,0.3333333333333333
77,equal_weight,0.3333333333333333,0.3333333333333333,0.3333333333333333
78,equal_weight,0.3333333333333333,0.3333333333333333,0.3333333333333333
79,equal_weight,0.3333333333333333,0.3333333333333333,0.3333333333333333
80,equal_weight,0.3333333333333333,0.3333333333333333,0.3333333333333333
81,equal_weight,0.3333333333333333,0.3333333333333333,0.3333333333333333
82,equal_weight,0.3333333333333333,0.3333333333333333,0.3333333333333333
83,equal_weight,0.3333333333333333,0.3333333333333333,0.3333333333333333
84,equal_weight,0.3333333333333333,0.3333333333333333,0.3333333333333333
85,equal_weight,0.3333333333333333,0.3333333333333333,0.3333333333333333
86,equal_weight,0.3333333333333333,0.3333333333333333,0.3333333333333333
87,equal_weight,0.3333333333333333,0.3333333333333333,0.3333333333333333
88,equal_weight,0.3333333333333333,0.3333333333333333,0.3333333333333333
89,equal_weight,0.3333333333333333,0.3333333333333333,0.3333333333333333
90,equal_weight,0.3333333333333333,0.3333333333333333,0.3333333333333333
91,equal_weight,0.3333333333333333,0.3333333333333333,0.3333333333333333
92,equal_weight,0.3333333333333333,0.3333333333333333,0.3333333333333333
93,equal_weight,0.3333333333333333,0.3333333333333333,0.3333333333333333
94,equal_weight,0.3333333333333333,0.3333333333333333,0.3333333333333333
95,equal_weight,0.3333333333333333,0.3333333333333333,0.3333333333333333
96,equal_weight,0.3333333333333333,0.3333333333333333,0.3333333333333333
97,equal_weight,0.3333333333333333,0.3333333333333333,0.3333333333333333
98,equal_weight,0.3333333333333333,0.3333333333333333,0.3333333333333333
99,equal_weight,0.3333333333333333,0.3333333333333333,0.3333333333333333
100,equal_weight,0.3333333333333333,0.3333333333333333,0.3333333333333333
101,equal_weight,0.3333333333333333,0.3333333333333333,0.3333333333333333
102,equal_weight,0.3333333333333333,0.3333333333333333,0.3333333333333333
103,equal_weight,0.3333333333333333,0.3333333333333333,0.3333333333333333
104,equal_weight,0.3333333333333333,0.3333333333333333,0.3333333333333333
105,equal_weight,0.3333333333333333,0.3333333333333333,0.3333333333333333
106,equal_weight,0.3333333333333333,0.3333333333333333,0.3333333333333333
107,equal_weight,0.3333333333333333,0.3333333333333333,0.3333333333333333
108,equal_weight,0.3333333333333333,0.3333333333333333,0.3333333333333333
109,equal_weight,0.3333333333333333,0.3333333333333333,0.3333333333333333
110,equal_weight,0.3333333333333333,0.3333333333333333,0.3333333333333333
111,equal_weight,0.3333333333333333,0.3333333333333333,0.3333333333333333
112,equal_weight,0.3333333333333333,0.3333333333333333,0.3333333333333333
113,equal_weight,0.3333333333333333,0.3333333333333333,0.3333333333333333
114,equal_weight,0.3333333333333333,0.3333333333333333,0.3333333333333333
115,equal_weight,0.3333333333333333,0.3333333333333333,0.3333333333333333
116,equal_weight,0.3333333333333333,0.3333333333333333,0.3333333333333333
117,equal_weight,0.3333333333333333,0.3333333333333333,0.3333333333333333
118,equal_weight,0.3333333333333333,0.3333333333333333,0.3333333333333333
119,equal_weight,0.3333333333333333,0.3333333333333333,0.3333333333333333
120,equal_weight,0.3333333333333333,0.3333333333333333,0.3333333333333333
121,equal_weight,0.3333333333333333,0.3333333333333333,0.3333333333333333
122,equal_weight,0.3333333333333333,0.3333333333333333,0.3333333333333333
123,equal_weight,0.3333333333333333,0.3333333333333333,0.3333333333333333
124,equal_weight,0.3333333333333333,0.3333333333333333,0.3333333333333333
125,equal_weight,0.3333333333333333,0.3333333333333333,0.3333333333333333
126,equal_weight,0.3333333333333333,0.3333333333333333,0.3333333333333333
127,equal_weight,0.3333333333333333,0.3333333333333333,0.3333333333333333
128,equal_weight,0.3333333333333333,0.3333333333333333,0.3333333333333333
129,equal_weight,0.3333333333333333,0.3333333333333333,0.3333333333333333
130,equal_weight,0.3333333333333333,0.3333333333333333,0.3333333333333333
131,equal_weight,0.3333333333333333,0.3333333333333333,0.3333333333333333
132,equal_weight,0.3333333333333333,0.3333333333333333,0.3333333333333333
133,equal_weight,0.3333333333333333,0.3333333333333333,0.3333333333333333
134,equal_weight,0.3333333333333333,0.3333333333333333,0.3333333333333333
135,equal_weight,0.3333333333333333,0.3333333333333333,0.3333333333333333
136,equal_weight,0.3333333333333333,0.3333333333333333,0.3333333333333333
137,equal_weight,0.3333333333333333,0.3333333333333333,0.3333333333333333
138,equal_weight,0.3333333333333333,0.3333333333333333,0.3333333333333333
139,equal_weight,0.3333333333333333,0.3333333333333333,0.3333333333333333
140,equal_weight,0.3333333333333333,0.3333333333333333,0.3333333333333333
141,equal_weight,0.3333333333333333,0.3333333333333333,0.3333333333333333
142,equal_weight,0.3333333333333333,0.3333333333333333,0.3333333333333333
143,equal_weight,0.3333333333333333,0.3333333333333333,0.3333333333333333
144,equal_weight,0.3333333333333333,0.3333333333333333,0.3333333333333333
145,equal_weight,0.3333333333333333,0.3333333333333333,0.3333333333333333
146,equal_weight,0.3333333333333333,0.3333333333333333,0.3333333333333333
147,equal_weight,0.3333333333333333,0.3333333333333333,0.3333333333333333
148,equal_weight,0.3333333333333333,0.3333333333333333,0.3333333333333333
149,equal_weight,0.3333333333333333,0.3333333333333333,0.3333333333333333
150,equal_weight,0.3333333333333333,0.3333333333333333,0.3333333333333333
151,equal_weight,0.3333333333333333,0.3333333333333333,0.3333333333333333
152,equal_weight,0.3333333333333333,0.3333333333333333,0.3333333333333333
153,equal_weight,0.3333333333333333,0.3333333333333333,0.3333333333333333
154,equal_weight,0.3333333333333333,0.3333333333333333,0.3333333333333333
155,equal_weight,0.3333333333333333,0.3333333333333333,0.3333333333333333
156,equal_weight,0.3333333333333333,0.3333333333333333,0.3333333333333333
157,equal_weight,0.3333333333333333,0.3333333333333333,0.3333333333333333
158,equal_weight,0.3333333333333333,0.3333333333333333,0.3333333333333333
159,equal_weight,0.3333333333333333,0.3333333333333333,0.3333333333333333
160,equal_weight,0.3333333333333333,0.3333333333333333,0.3333333333333333
161,equal_weight,0.3333333333333333,0.3333333333333333,0.3333333333333333
162,equal_weight,0.3333333333333333,0.3333333333333333,0.3333333333333333
163,equal_weight,0.3333333333333333,0.3333333333333333,0.3333333333333333
164,equal_weight,0.3333333333333333,0.3333333333333333,0.3333333333333333
165,equal_weight,0.3333333333333333,0.3333333333333333,0.3333333333333333
166,equal_weight,0.3333333333333333,0.3333333333333333,0.3333333333333333
167,equal_weight,0.3333333333333333,0.3333333333333333,0.3333333333333333
168,equal_weight,0.3333333333333333,0.3333333333333333,0.3333333333333333
169,equal_weight,0.3333333333333333,0.3333333333333333,0.3333333333333333
170,equal_weight,0.3333333333333333,0.3333333333333333,0.3333333333333333
171,equal_weight,0.3333333333333333,0.3333333333333333,0.3333333333333333
172,equal_weight,0.3333333333333333,0.3333333333333333,0.3333333333333333
173,equal_weight,0.3333333333333333,0.3333333333333333,0.3333333333333333
174,equal_weight,0.3333333333333333,0.3333333333333333,0.3333333333333333
175,equal_weight,0.3333333333333333,0.3333333333333333,0.3333333333333333
176,equal_weight,0.3333333333333333,0.3333333333333333,0.3333333333333333
177,equal_weight,0.3333333333333333,0.3333333333333333,0.3333333333333333
178,equal_weight,0.3333333333333333,0.3333333333333333,0.3333333333333333
179,equal_weight,0.3333333333333333,0.3333333333333333,0.3333333333333333
180,equal_weight,0.3333333333333333,0.3333333333333333,0.3333333333333333
181,equal_weight,0.3333333333333333,0.3333333333333333,0.3333333333333333
182,equal_weight,0.3333333333333333,0.3333333333333333,0.3333333333333333
183,equal_weight,0.3333333333333333,0.3333333333333333,0.3333333333333333
184,equal_weight,0.3333333333333333,0.3333333333333333,0.3333333333333333
185,equal_weight,0.3333333333333333,0.3333333333333333,0.3333333333333333
186,equal_weight,0.3333333333333333,0.3333333333333333,0.3333333333333333
187,equal_weight,0.3333333333333333,0.3333333333333333,0.3333333333333333
188,equal_weight,0.3333333333333333,0.3333333333333333,0.3333333333333333
189,equal_weight,0.3333333333333333,0.3333333333333333,0.3333333333333333
0,vol_regime,0.3,0.2,0.5
1,vol_regime,0.3,0.2,0.5
2,vol_regime,0.3,0.2,0.5
3,vol_regime,0.3,0.2,0.5
4,vol_regime,0.3,0.2,0.5
5,vol_regime,0.3,0.2,0.5
6,vol_regime,0.3,0.2,0.5
7,vol_regime,0.3,0.2,0.5
8,vol_regime,0.3,0.2,0.5
9,vol_regime,0.3,0.4,0.3
10,vol_regime,0.3,0.4,0.3
11,vol_regime,0.3,0.4,0.3
12,vol_regime,0.3,0.4,0.3
13,vol_regime,0.3,0.4,0.3
14,vol_regime,0.3,0.4,0.3
15,vol_regime,0.3,0.4,0.3
16,vol_regime,0.3,0.2,0.5
17,vol_regime,0.3,0.2,0.5
18,vol_regime,0.3,0.2,0.5
19,vol_regime,0.3,0.2,0.5
20,vol_regime,0.3,0.2,0.5
21,vol_regime,0.3,0.2,0.5
22,vol_regime,0.3,0.2,0.5
23,vol_regime,0.3,0.2,0.5
24,vol_regime,0.3,0.2,0.5
25,vol_regime,0.3,0.2,0.5
26,vol_regime,0.3,0.2,0.5
27,vol_regime,0.3,0.2,0.5
28,vol_regime,0.3,0.2,0.5
29,vol_regime,0.3,0.2,0.5
30,vol_regime,0.3,0.2,0.5
31,vol_regime,0.3,0.2,0.5
32,vol_regime,0.3,0.2,0.5
33,vol_regime,0.3,0.2,0.5
34,vol_regime,0.3,0.2,0.5
35,vol_regime,0.3,0.2,0.5
36,vol_regime,0.3,0.2,0.5
37,vol_regime,0.3,0.2,0.5
38,vol_regime,0.3,0.2,0.5
39,vol_regime,0.3,0.2,0.5
40,vol_regime,0.3,0.2,0.5
41,vol_regime,0.3,0.2,0.5
42,vol_regime,0.3,0.2,0.5
43,vol_regime,0.3,0.2,0.5
44,vol_regime,0.3,0.2,0.5
45,vol_regime,0.3,0.2,0.5
46,vol_regime,0.3,0.2,0.5
47,vol_regime,0.3,0.2,0.5
48,vol_regime,0.3,0.2,0.5
49,vol_regime,0.3,0.2,0.5
50,vol_regime,0.3,0.2,0.5
51,vol_regime,0.3,0.2,0.5
52,vol_regime,0.3,0.2,0.5
53,vol_regime,0.3,0.2,0.5
54,vol_regime,0.3,0.2,0.5
55,vol_regime,0.3,0.2,0.5
56,vol_regime,0.3,0.2,0.5
57,vol_regime,0.3,0.2,0.5
58,vol_regime,0.3,0.2,0.5
59,vol_regime,0.3,0.2,0.5
60,vol_regime,0.3,0.2,0.5
61,vol_regime,0.3,0.2,0.5
62,vol_regime,0.3,0.2,0.5
63,vol_regime,0.3,0.2,0.5
64,vol_regime,0.3,0.2,0.5
65,vol_regime,0.3,0.2,0.5
66,vol_regime,0.3,0.2,0.5
67,vol_regime,0.3,0.2,0.5
68,vol_regime,0.3,0.2,0.5
69,vol_regime,0.3,0.2,0.5
70,vol_regime,0.3,0.2,0.5
71,vol_regime,0.3,0.2,0.5
72,vol_regime,0.3,0.2,0.5
73,vol_regime,0.3,0.2,0.5
74,vol_regime,0.3,0.2,0.5
75,vol_regime,0.3,0.2,0.5
76,vol_regime,0.3,0.2,0.5
77,vol_regime,0.3,0.2,0.5
78,vol_regime,0.3,0.2,0.5
79,vol_regime,0.3,0.2,0.5
80,vol_regime,0.3,0.2,0.5
81,vol_regime,0.3,0.2,0.5
82,vol_regime,0.3,0.2,0.5
83,vol_regime,0.3,0.2,0.5
84,vol_regime,0.3,0.2,0.5
85,vol_regime,0.3,0.2,0.5
86,vol_regime,0.3,0.2,0.5
87,vol_regime,0.3,0.2,0.5
88,vol_regime,0.3,0.2,0.5
89,vol_regime,0.3,0.2,0.5
90,vol_regime,0.3,0.2,0.5
91,vol_regime,0.3,0.2,0.5
92,vol_regime,0.3,0.2,0.5
93,vol_regime,0.3,0.2,0.5
94,vol_regime,0.3,0.2,0.5
95,vol_regime,0.3,0.4,0.3
96,vol_regime,0.3,0.4,0.3
97,vol_regime,0.3,0.4,0.3
98,vol_regime,0.3,0.4,0.3
99,vol_regime,0.3,0.2,0.5
100,vol_regime,0.3,0.2,0.5
101,vol_regime,0.3,0.2,0.5
102,vol_regime,0.3,0.2,0.5
103,vol_regime,0.3,0.2,0.5
104,vol_regime,0.3,0.2,0.5
105,vol_regime,0.3,0.2,0.5
106,vol_regime,0.3,0.2,0.5
107,vol_regime,0.3,0.2,0.5
108,vol_regime,0.3,0.2,0.5
109,vol_regime,0.3,0.2,0.5
110,vol_regime,0.3,0.2,0.5
111,vol_regime,0.3,0.2,0.5
112,vol_regime,0.3,0.2,0.5
113,vol_regime,0.3,0.2,0.5
114,vol_regime,0.3,0.2,0.5
115,vol_regime,0.3,0.2,0.5
116,vol_regime,0.3,0.2,0.5
117,vol_regime,0.3,0.2,0.5
118,vol_regime,0.3,0.2,0.5
119,vol_regime,0.3,0.2,0.5
120,vol_regime,0.3,0.2,0.5
121,vol_regime,0.3,0.2,0.5
122,vol_regime,0.3,0.2,0.5
123,vol_regime,0.3,0.2,0.5
124,vol_regime,0.3,0.2,0.5
125,vol_regime,0.3,0.2,0.5
126,vol_regime,0.3,0.2,0.5
127,vol_regime,0.3,0.2,0.5
128,vol_regime,0.3,0.2,0.5
129,vol_regime,0.3,0.2,0.5
130,vol_regime,0.3,0.2,0.5
131,vol_regime,0.3,0.2,0.5
132,vol_regime,0.3,0.2,0.5
133,vol_regime,0.3,0.2,0.5
134,vol_regime,0.3,0.2,0.5
135,vol_regime,0.3,0.2,0.5
136,vol_regime,0.3,0.2,0.5
137,vol_regime,0.3,0.2,0.5
138,vol_regime,0.3,0.2,0.5
139,vol_regime,0.3,0.2,0.5
140,vol_regime,0.3,0.2,0.5
141,vol_regime,0.3,0.2,0.5
142,vol_regime,0.3,0.2,0.5
143,vol_regime,0.3,0.2,0.5
144,vol_regime,0.3,0.2,0.5
145,vol_regime,0.3,0.2,0.5
146,vol_regime,0.3,0.2,0.5
147,vol_regime,0.3,0.2,0.5
148,vol_regime,0.3,0.2,0.5
149,vol_regime,0.3,0.2,0.5
150,vol_regime,0.3,0.2,0.5
151,vol_regime,0.3,0.2,0.5
152,vol_regime,0.3,0.2,0.5
153,vol_regime,0.3,0.2,0.5
154,vol_regime,0.3,0.2,0.5
155,vol_regime,0.3,0.2,0.5
156,vol_regime,0.3,0.2,0.5
157,vol_regime,0.3,0.2,0.5
158,vol_regime,0.3,0.2,0.5
159,vol_regime,0.3,0.2,0.5
160,vol_regime,0.3,0.2,0.5
161,vol_regime,0.3,0.2,0.5
162,vol_regime,0.3,0.2,0.5
163,vol_regime,0.3,0.2,0.5
164,vol_regime,0.3,0.2,0.5
165,vol_regime,0.3,0.2,0.5
166,vol_regime,0.3,0.2,0.5
167,vol_regime,0.3,0.2,0.5
168,vol_regime,0.3,0.2,0.5
169,vol_regime,0.3,0.2,0.5
170,vol_regime,0.3,0.2,0.5
171,vol_regime,0.3,0.2,0.5
172,vol_regime,0.3,0.2,0.5
173,vol_regime,0.3,0.2,0.5
174,vol_regime,0.3,0.2,0.5
175,vol_regime,0.3,0.2,0.5
176,vol_regime,0.3,0.4,0.3
177,vol_regime,0.3,0.2,0.5
178,vol_regime,0.3,0.2,0.5
179,vol_regime,0.3,0.2,0.5
180,vol_regime,0.3,0.2,0.5
181,vol_regime,0.3,0.2,0.5
182,vol_regime,0.3,0.2,0.5
183,vol_regime,0.3,0.2,0.5
184,vol_regime,0.3,0.2,0.5
185,vol_regime,0.3,0.2,0.5
186,vol_regime,0.3,0.2,0.5
187,vol_regime,0.3,0.2,0.5
188,vol_regime,0.3,0.2,0.5
189,vol_regime,0.3,0.2,0.5
0,hmm,0.09176938917256972,0.38353816863988255,0.5246924421875478
1,hmm,0.0884235484796233,0.3768470902249875,0.5347293612953893
2,hmm,0.09699964707487829,0.3939991678257916,0.5090011850993301
3,hmm,0.09984991638645341,0.3996681826792097,0.500481900934337
4,hmm,0.09995040406777456,0.39989148217628695,0.5001581137559384
5,hmm,0.10002896237200559,0.39993475126164046,0.5000362863663539
6,hmm,0.1000757066331817,0.39993107267022604,0.4999932206965923
7,hmm,0.10016852406881255,0.399904005938083,0.4999274699931044
8,hmm,0.09995675239453385,0.3998953772471846,0.5001478703582816
9,hmm,0.10022273712906055,0.3998858395192008,0.4998914233517387
10,hmm,0.10056439900894736,0.3997611287638271,0.49967447222722555
11,hmm,0.10192509248710269,0.3993898536233501,0.49868505388954726
12,hmm,0.10438117683686803,0.39868463032039164,0.4969341928427402
13,hmm,0.10046230187163303,0.3997343989021938,0.4998032992261731
14,hmm,0.10091293243948343,0.3996719865735351,0.4994150809869815
15,hmm,0.10045602410064781,0.39977983920330773,0.4997641366960444
16,hmm,0.0975077488108768,0.39501548647592244,0.5074767647132007
17,hmm,0.09981628506083817,0.3996230797679124,0.5005606351712495
18,hmm,0.0960260973184064,0.39205219318934487,0.5119217094922488
19,hmm,0.09946584207338047,0.3989309293420664,0.501603228584553
20,hmm,0.09892694902982467,0.39785389353759276,0.5032191574325826
21,hmm,0.05272157595346572,0.3054431519068852,0.6418352721396492
22,hmm,0.05162407188533069,0.30324814375123654,0.6451277843634328
23,hmm,0.05118866291850197,0.3023773258244155,0.6464340112570826
24,hmm,0.050003097511396886,0.30000619502279374,0.6499907074658093
25,hmm,0.050000000031031645,0.3000000000620633,0.649999999906905
26,hmm,0.05000004685496326,0.30000009370992653,0.6499998594351103
27,hmm,0.05000000036618422,0.30000000073236843,0.6499999989014473
28,hmm,0.050000017630299126,0.30000003526059826,0.6499999471091027
29,hmm,0.05000000429563788,0.30000000859127574,0.6499999871130863
30,hmm,0.050000040834432366,0.3000000816688647,0.6499998774967031
31,hmm,0.05000000972223941,0.3000000194444788,0.6499999708332818
32,hmm,0.05000000704065143,0.30000001408130283,0.6499999788780457
33,hmm,0.05000001198681885,0.30000002397363773,0.6499999640395434
34,hmm,0.050000000000001106,0.3000000000000022,0.6499999999999967
35,hmm,0.05000000001055675,0.30000000002111343,0.6499999999683297
36,hmm,0.050000001185816746,0.3000000023716335,0.6499999964425498
37,hmm,0.05000000008575251,0.30000000017150497,0.6499999997427425
38,hmm,0.05000000146030746,0.3000000029206149,0.6499999956190777
39,hmm,0.05000000140636684,0.30000000281273365,0.6499999957808995
40,hmm,0.0500000022364894,0.30000000447297875,0.6499999932905318
41,hmm,0.05000002365611816,0.30000004731223634,0.6499999290316455
42,hmm,0.05000000750330276,0.3000000150066055,0.6499999774900918
43,hmm,0.050000008049387694,0.30000001609877536,0.6499999758518369
44,hmm,0.05000073035447137,0.30000146070894274,0.6499978089365859
45,hmm,0.050018024521050204,0.30003604904210035,0.6499459264368495
46,hmm,0.050063090595768404,0.3001261811915362,0.6498107282126954
47,hmm,0.050406298954181535,0.3008125979081942,0.6487811031376243
48,hmm,0.050155913778964854,0.30031182755782104,0.6495322586632141
49,hmm,0.050003525554598166,0.3000070511091963,0.6499894233362055
50,hmm,0.05000000400887168,0.30000000801774335,0.6499999879733851
51,hmm,0.05000000018796455,0.3000000003759291,0.6499999994361064
52,hmm,0.0500000556817379,0.30000011136347576,0.6499998329547864
53,hmm,0.05000023944181098,0.30000047888362197,0.6499992816745671
54,hmm,0.05000006914156136,0.3000001382831227,0.6499997925753159
55,hmm,0.05000679073177653,0.30001358146355306,0.6499796278046703
56,hmm,0.050000264707458955,0.3000005294149179,0.6499992058776232
57,hmm,0.0500046029858545,0.300009205971709,0.6499861910424365
58,hmm,0.05000494944383711,0.3000098988876742,0.6499851516684887
59,hmm,0.05000002030868728,0.30000004061737456,0.6499999390739382
60,hmm,0.05000029630577587,0.3000005926115517,0.6499991110826724
61,hmm,0.050000128067766415,0.3000002561355328,0.6499996157967007
62,hmm,0.05000140729264846,0.3000028145852969,0.6499957781220548
63,hmm,0.050000412408043995,0.3000008248160879,0.649998762775868
64,hmm,0.050002187605314975,0.30000437521062995,0.649993437184055
65,hmm,0.050001534237545546,0.30000306847509106,0.6499953972873633
66,hmm,0.05000239625175377,0.30000479250350753,0.6499928112447387
67,hmm,0.05000173881341345,0.3000034776268269,0.6499947835597597
68,hmm,0.05000141372701747,0.3000028274540349,0.6499957588189477
69,hmm,0.05000481666597042,0.3000096333319408,0.6499855500020888
70,hmm,0.05012698460725489,0.3002539692145083,0.6496190461782366
71,hmm,0.052666935194937425,0.3053338702083431,0.6419991945967194
72,hmm,0.058590964675496786,0.3171819236339536,0.6242271116905498
73,hmm,0.05338998991939668,0.3067799798146399,0.6398300302659633
74,hmm,0.06602700610025448,0.33205394645720954,0.601919047442536
75,hmm,0.056916515054469034,0.31383303003323104,0.6292504549122998
76,hmm,0.07603701977766879,0.35207393227202144,0.5718890479503097
77,hmm,0.09347716548098994,0.3869541257709524,0.5195687087480577
78,hmm,0.09817105199142993,0.3963419618803996,0.5054869861281704
79,hmm,0.09990272636664815,0.39977752701587294,0.5003197466174789
80,hmm,0.09995650523727463,0.39990403056322804,0.5001394641994974
81,hmm,0.0999616625589434,0.3999010412350864,0.5001372962059702
82,hmm,0.09997247729077512,0.39992404095940576,0.5001034817498191
83,hmm,0.09998566509561213,0.3999307881006891,0.5000835468036987
84,hmm,0.10000628370070203,0.3999445309118638,0.5000491853874341
85,hmm,0.09992894203330618,0.3998542088382095,0.5002168491284844
86,hmm,0.09994258366032381,0.39988123112854795,0.5001761852111282
87,hmm,0.09996911912690556,0.3999281518424346,0.5001027290306598
88,hmm,0.09997624199484857,0.39993874483342023,0.5000850131717312
89,hmm,0.09998199507061617,0.3999429404676952,0.5000750644616886
90,hmm,0.09998657574675006,0.3999433696052273,0.5000700546480228
91,hmm,0.099931910282386,0.399858271985203,0.500209817732411
92,hmm,0.09998845880191226,0.3999421437461794,0.5000693974519084
93,hmm,0.10000658137475571,0.3999091484356879,0.5000842701895564
94,hmm,0.10022254535299449,0.3998859877671506,0.49989146687985486
95,hmm,0.10577696686193476,0.3982562770226928,0.49596675611537244
96,hmm,0.10342205441998685,0.3989527623771458,0.4976251832028673
97,hmm,0.10441792687383238,0.39867592356450543,0.4969061495616623
98,hmm,0.10092104019921239,0.39966068042294856,0.4994182793778391
99,hmm,0.0998345509490183,0.399666096526828,0.5004993525241538
100,hmm,0.10000722708115514,0.3999265840185428,0.5000661889003021
101,hmm,0.10016892134212363,0.3999050800134613,0.499925998644415
102,hmm,0.10011695117677355,0.39989970243939327,0.4999833463838333
103,hmm,0.08654875804093258,0.3730975159721305,0.540353725986937
104,hmm,0.09649247946436691,0.3929847229714726,0.5105227975641605
105,hmm,0.09891059197532244,0.397820974008258,0.5032684340164197
106,hmm,0.09974165346168426,0.3994825363370632,0.5007758102012525
107,hmm,0.09992707126649686,0.39985271850448845,0.5002202102290146
108,hmm,0.09984062611395846,0.3996809958275042,0.5004783780585373
109,hmm,0.09989641783506698,0.3997922476745451,0.500311334490388
110,hmm,0.09977642121373546,0.3995527931201665,0.5006707856660981
111,hmm,0.09991890449976647,0.39983689100359465,0.5002442044966389
112,hmm,0.09985653380908631,0.39971293872068603,0.5004305274702276
113,hmm,0.09991424657085038,0.3998279221600563,0.5002578312690933
114,hmm,0.050008187641237024,0.30001637528247405,0.6499754370762889
115,hmm,0.05010927193274207,0.3002185438654831,0.6496721842017749
116,hmm,0.050069646951864534,0.30013929390372374,0.6497910591444118
117,hmm,0.05008663005310914,0.3001732601062122,0.6497401098406786
118,hmm,0.050093762548453186,0.3001875250969017,0.6497187123546452
119,hmm,0.05006763603976102,0.30013527207951635,0.6497970918807224
120,hmm,0.050007616113857054,0.3000152322277141,0.649977151658429
121,hmm,0.0500748763663001,0.3001497527325997,0.6497753709011002
122,hmm,0.050018687352121546,0.3000373747042428,0.6499439379436356
123,hmm,0.050669750019551346,0.30133950003839455,0.6479907499420541
124,hmm,0.05222691432121641,0.30445382848594454,0.643319257192839
125,hmm,0.050407655340638804,0.30081531068101375,0.6487770339783474
126,hmm,0.05002815414120658,0.3000563082824111,0.6499155375763823
127,hmm,0.0500096766515536,0.3000193533031071,0.6499709700453392
128,hmm,0.05000033395705819,0.3000006679141164,0.6499989981288254
129,hmm,0.050000002222829264,0.3000000044456585,0.6499999933315123
130,hmm,0.050000026556951356,0.3000000531139027,0.649999920329146
131,hmm,0.050000005710690486,0.30000001142138094,0.6499999828679286
132,hmm,0.050000000360317806,0.3000000007206356,0.6499999989190466
133,hmm,0.05000003459546576,0.30000006919093153,0.6499998962136028
134,hmm,0.05005577337129051,0.30011154674258095,0.6498326798861285
135,hmm,0.05005417107475029,0.3001083421494993,0.6498374867757504
136,hmm,0.05000010245027569,0.30000020490055135,0.6499996926491729
137,hmm,0.050000028838468324,0.3000000576769366,0.649999913484595
138,hmm,0.050000027168926646,0.30000005433785326,0.64999991849322
139,hmm,0.050000028688568274,0.30000005737713653,0.6499999139342952
140,hmm,0.050000078306870255,0.30000015661374047,0.6499997650793892
141,hmm,0.05000008322230398,0.3000001664446079,0.6499997503330881
142,hmm,0.05000001533152323,0.3000000306630464,0.6499999540054303
143,hmm,0.0500000755272303,0.3000001510544606,0.6499997734183092
144,hmm,0.050000095284554194,0.3000001905691083,0.6499997141463374
145,hmm,0.050000218603315334,0.30000043720663067,0.649999344190054
146,hmm,0.05000247650128726,0.3000049530025745,0.6499925704961382
147,hmm,0.050001076117849846,0.30000215223569965,0.6499967716464505
148,hmm,0.050014333088672314,0.3000286661773446,0.6499570007339831
149,hmm,0.050177381797658946,0.30035476359531,0.649467854607031
150,hmm,0.050005777933729706,0.30001155586745937,0.6499826661988111
151,hmm,0.05006243412708987,0.30012486825417944,0.6498126976187306
152,hmm,0.050985039186571345,0.30197007837110496,0.6470448824423237
153,hmm,0.05172773711569602,0.303455474196291,0.6448167886880131
154,hmm,0.05281314026987803,0.30562628042307366,0.6415605793070484
155,hmm,0.05001525833386682,0.3000305166677332,0.6499542249983999
156,hmm,0.05000022828009835,0.3000004565601967,0.649999315159705
157,hmm,0.050063945961962064,0.3001278919239241,0.6498081621141139
158,hmm,0.050037825950394535,0.3000756519007883,0.6498865221488173
159,hmm,0.05008080376804974,0.30016160753609744,0.6497575886958529
160,hmm,0.05008186848002654,0.3001637369600482,0.6497543945599253
161,hmm,0.050103360296397954,0.3002067205927874,0.6496899191108146
162,hmm,0.050684701787401844,0.3013694035735878,0.6479458946390103
163,hmm,0.05105031578225694,0.30210063155045136,0.6468490526672918
164,hmm,0.05116904049951077,0.30233808098868925,0.6464928785117999
165,hmm,0.05152763768146069,0.3030552753333588,0.6454170869851804
166,hmm,0.051838959923638885,0.3036779198063087,0.6444831202700524
167,hmm,0.05091092349116309,0.3018218469658054,0.6472672295430315
168,hmm,0.053425181848947456,0.3068503632616717,0.6397244548893808
169,hmm,0.05068489854865507,0.30136979709654066,0.6479453043548042
170,hmm,0.051598184759518995,0.3031963694563134,0.6452054457841677
171,hmm,0.05438008928266791,0.3087601778898144,0.6368597328275177
172,hmm,0.05085966178675302,0.30171932356800013,0.6474210146452468
173,hmm,0.05051019441478948,0.3010203888263088,0.6484694167589018
174,hmm,0.05159609548072147,0.30319219091809124,0.6452117136011872
175,hmm,0.06027064967121212,0.32054128631461665,0.6191880640141713
176,hmm,0.09200750584490176,0.38370211067380633,0.524290383481292
177,hmm,0.09903405387851241,0.39802212494926703,0.5029438211722206
178,hmm,0.10004017968046856,0.3998595663981991,0.5001002539213324
179,hmm,0.10003196254270891,0.3999338650077691,0.5000341724495219
180,hmm,0.09911001171980052,0.39821999645809963,0.5026699918220999
181,hmm,0.09977741045330013,0.39955405485698553,0.5006685346897144
182,hmm,0.09992223121881103,0.399842796868068,0.500234971913121
183,hmm,0.09995099339582857,0.39989977827670137,0.5001492283274701
184,hmm,0.09986123234406699,0.3997222384715751,0.500416529184358
185,hmm,0.09978366733461963,0.39956719017796954,0.5006491424874109
186,hmm,0.09989809170989375,0.39979574672409424,0.500306161566012
187,hmm,0.09994430662681524,0.3998869040438882,0.5001687893292965
188,hmm,0.09982996827134522,0.3996597255792889,0.5005103061493659
189,hmm,0.09995636199980236,0.39990122055904215,0.5001424174411555
